title,srcurl
炎炎夏日 警惕“带状疱疹”,http://www.sohu.com/a/146682333_762407
老花眼突然不花了，不是好事！,http://www.sohu.com/a/146745478_464407
心肌细胞为何不能再生？科学家找到关键通路,http://www.sohu.com/a/146764595_115031
老话说“饭后跑跑跳跳会得阑尾炎”，是真的吗？,http://www.sohu.com/a/146499874_313701
发烧不退怎么办？,http://www.sohu.com/a/146696570_456064
金银花洗澡能治湿疹吗？,http://www.sohu.com/a/146695397_184141
尖锐湿疣也分“真假”？如何分辨？,http://www.sohu.com/a/146576413_183348
皮肤补水保湿，你真的做对了吗？,http://www.sohu.com/a/146744664_296504
难道我这种人不适合喝酸奶？,http://www.sohu.com/a/146721847_101258
碘盐，究竟该不该吃？,http://www.sohu.com/a/146745480_464407
【轻糖生活】保持健康，从控糖开始,http://www.sohu.com/a/146702631_214475
京医科普 | 化验留尿原来是个“技术活”！,http://www.sohu.com/a/146759862_386893
出现这些情况，你的腰椎间盘突出已经很严重了！,http://www.sohu.com/a/146806754_197305
【人民患教】得了哮喘，干嘛还要评估？,http://www.sohu.com/a/146759577_100924
患者咨询：如何控制脑膜瘤生长速度？,http://www.sohu.com/a/146725503_126260
夏季喝凉茶有禁忌：竟是这四类人的“催命符”,http://www.sohu.com/a/146757434_127554
“毒鸭血”横空出世，虽然它补血，但这样还是别买,http://www.sohu.com/a/146543990_580620
柑橘类水果营养好 | 每日涨营养姿势No.561,http://www.sohu.com/a/146493675_100163
饭前喝汤，苗条健康？,http://www.sohu.com/a/146589703_456121
“别人家”的医学生 都是怎么读书的？,http://www.sohu.com/a/146753736_139908
甲肝潜伏期，这些症状需要格外小心！,http://www.sohu.com/a/146456317_469558
木耳好吃，但这样做就错了,http://www.sohu.com/a/146587681_296504
国际权威医学杂志《柳叶刀》:导致猝死的十大“恶习”,http://www.sohu.com/a/146697857_464410
长期熬夜煲剧的她 眼里长了“石头”,http://www.sohu.com/a/146473372_430714
宝宝的粮仓要这样护理！,http://www.sohu.com/a/146585269_450913
想要孩子牙齿好，你需要知道这十个问题,http://www.sohu.com/a/146601930_221698
狐观医改 | 卫计委：已分类救治贫困患者260万人,http://www.sohu.com/a/146693090_452205
鱼腥草是夏天的养生“神草”？但吃错了会致癌，这三类人要小心,http://www.sohu.com/a/146459187_762414
【慢病防控】保护视力，点滴做起,http://www.sohu.com/a/146745817_100182
【ADA2017】胰岛生物学，胰岛素分泌效应进入人们的研究视线,http://www.sohu.com/a/146760661_456026
孙宝贵教授：针对心律失常的常规护理？,http://www.sohu.com/a/146759365_211526
外国人不用不锈钢，因为锰会导致记忆力衰退？会影响考试发挥吗？,http://www.sohu.com/a/146704441_100935
孕期啪啪啪，要不要避孕呢？,http://www.sohu.com/a/146198915_313701
怀孕多少天去医院做b超？,http://www.sohu.com/a/146759537_102598
【学点医学】脂肪和胆固醇不是一回事儿！,http://www.sohu.com/a/146697259_456052
别用女性化妆品！10法保护男人生殖力,http://www.sohu.com/a/146514825_104952
哮喘治疗的常见误区,http://www.sohu.com/a/146703515_762412
降尿酸的药，什么时候能停？,http://www.sohu.com/a/146526472_456119
出现帕金森病“异动症”时该怎么办？,http://www.sohu.com/a/146688349_392509
足底按摩能治什么病？4000 年前就有人试过了，4000 年后……,http://www.sohu.com/a/146587581_296504
癌症真的会遗传给下一代吗？答案就在这儿,http://www.sohu.com/a/146415555_127554
常食豆类食品有何抗癌功效？这样吃最健康,http://www.sohu.com/a/146379388_404984
狐观医改 | 蔡江南：公立医院改革没有实质突破,http://www.sohu.com/a/146448754_452205
超10万人研究称，跑步不磨损关节，久坐不动风险高,http://www.sohu.com/a/146420766_100444
高血压病人，体检要查什么？,http://www.sohu.com/a/146558382_456045
能不能长寿，看脸就知道！专家公认的“长寿脸”长这样,http://www.sohu.com/a/146554469_115208
【专家说健康】肾功能不全时降糖药物如何选择,http://www.sohu.com/a/146711775_128282
【北京疾控提醒您】高温蓝色预警，考生注意健康防护！,http://www.sohu.com/a/146745842_100182
咫尺天涯求医路 幸获重生谢杏林,http://www.sohu.com/a/146729948_108057
眩晕应该挂哪科的号？,http://www.sohu.com/a/146745477_464407
听专家讲述中老年人如何保护膝关节,http://www.sohu.com/a/146435572_374887
医学潮头︱结肠癌治疗标准要“革命”啦？——ASCO2017炸响了一个惊雷！,http://www.sohu.com/a/146608321_387506
怎么减肥也瘦不下来？因为你碗没用对啊！,http://www.sohu.com/a/146589726_456121
摸脉知心跳，你会摸脉吗？看到的人都收藏了！,http://www.sohu.com/a/146469640_102282
孙宝贵教授：小儿心肌炎有什么症状？,http://www.sohu.com/a/146757748_211526
近视眼越来越多，听说眼镜没起好作用？,http://www.sohu.com/a/146285204_387630
五代医生的高考记忆 那年他们这样进入医界,http://www.sohu.com/a/146676871_139908
哪些行为可能诱发癫痫发作？,http://www.sohu.com/a/146736694_123781
【皎洁话养生】丢进垃圾桶的丝瓜皮 其实兼具美味和营养,http://www.sohu.com/a/146441731_107980
【封面】怀孕5个月遭遇乳癌，是保胎还是治病？,http://www.sohu.com/a/146792233_169298
吹空调是否会加重冠心病？,http://www.sohu.com/a/146691363_398909
院长不应忽视医院人文管理的作用,http://www.sohu.com/a/146618768_102699
口腔清洁不仅仅只有刷牙这件“小事”,http://www.sohu.com/a/146697783_464410
【节目预告】今晚八点BTV生活频道看院长健解：鸡年，我们还能安心吃鸡吗？,http://www.sohu.com/a/146807402_107824
人工喂养宝宝，这些误区必须得知道,http://www.sohu.com/a/146697581_456052
矛盾的是咖啡因对身体有害，但多喝却能预防肝癌,http://www.sohu.com/a/146711109_473555
让时光不再被遗忘,http://www.sohu.com/a/146694706_132056
​多种原因可致脑胶质瘤，你还被蒙在鼓里吗?,http://www.sohu.com/a/146401848_126260
【悦读】人类的15个悲哀现实！真相了……,http://www.sohu.com/a/146524691_456094
科普：月经过多怎么办？,http://www.sohu.com/a/146492360_372143
焦虑，并没有那么可怕！,http://www.sohu.com/a/146751859_375985
近视到底怎么防？爱眼日，眼科专家给你讲讲,http://www.sohu.com/a/146166312_218376
心房1分钟跳300到600次，这不是激动，是房颤！马长生说：有这些症状记得去看医生！,http://www.sohu.com/a/146602513_374903
漏斗胸是否对孩子的发育产生影响？,http://www.sohu.com/a/146414739_218241
考前如何吃出“最强”大脑？办法不是没有，但不贵不矫情....该做的不该做的都在里面了,http://www.sohu.com/a/146483805_106874
这样通血管，会要命！告诉你靠谱的 3 招,http://www.sohu.com/a/146430592_456117
【素无尘】科学研究发现：高强度的运动在细胞层面让你年轻9岁,http://www.sohu.com/a/146703064_214475
线雕？我要用多少根线！,http://www.sohu.com/a/146591439_375024
糖尿病及其并发症的中医治疗规范（三）—糖尿病肾病与神经病变,http://www.sohu.com/a/146789342_762411
小包总的妈妈还能不能醒，包子还能不能做“妈宝”？,http://www.sohu.com/a/146590516_426570
高考时间：医学教授告诉你什么人能学医,http://www.sohu.com/a/146587685_267160
孙宝贵教授：心房颤动的听诊都有什么特点？,http://www.sohu.com/a/146757419_211526
变成小黄人啦——关于胆红素的那点事儿 | 一页手册 · 协和八,http://www.sohu.com/a/146631222_349736
越来越多的年轻人心跳“失控”，来给自己打个分！,http://www.sohu.com/a/146517680_355363
让CAR-T疗法更“牛”，这10个方向或许你该看看,http://www.sohu.com/a/146760916_115031
一图读懂：这种超有效的减肥方式你知道吗？,http://www.sohu.com/a/146543501_102256
【航天健康大讲堂】甲状腺癌如何预防？,http://www.sohu.com/a/146677216_100630
阿兹海默症、帕金森症与亨廷顿症的竟然具有如此相同之处 | 资讯,http://www.sohu.com/a/146517510_119250
近视眼的手术选择,http://www.sohu.com/a/146488868_100451
一个HIV病毒的自白！,http://www.sohu.com/a/146539978_564030
睡得太晚，真的会影响孩子一生？！,http://www.sohu.com/a/146631586_374894
科普 | 烂水果到底能不能吃？,http://www.sohu.com/a/146483849_464400
准妈妈夏季注意事项：衣食出行面面俱到,http://www.sohu.com/a/146682018_398909
有屁憋着不放，后果竟然这么严重……,http://www.sohu.com/a/146098147_313701
两套瑜伽，缓解腰腿各种疾病……有空多练练！,http://www.sohu.com/a/146819005_135619
【封面】补气养血用大枣，医生说这样用效果更最佳哦！,http://www.sohu.com/a/146435640_169298
颈椎保健枕能治颈椎病吗？,http://www.sohu.com/a/146500590_197305
为什么不推荐用勺子吃西瓜？真相原来是……,http://www.sohu.com/a/146442355_296504
一个月来不了一个人，医院戒烟门诊咋就不受待见？,http://www.sohu.com/a/146554494_162422
【入院准备清单】孕妈妈看过来,http://www.sohu.com/a/146441732_196455
腹痛系列3：腹痛头晕，掀开衣服后，发现是肝癌,http://www.sohu.com/a/146226729_125765
警惕“倒春寒”逆袭心脏,http://www.sohu.com/a/146386600_509844
乙肝患者的蛋蛋会变小？,http://www.sohu.com/a/146402286_517436
【爱眼日】防控近视的3个有效方法,http://www.sohu.com/a/146433038_387210
盘点你一生可能遇到的眼病,http://www.sohu.com/a/146579426_120967
造成儿童矮小，后天因素都有啥？如何判断孩子的身高是否正常？,http://www.sohu.com/a/146469647_100743
【科普大赛】特需医疗部胡梦蝶：“咸”出来的胃癌,http://www.sohu.com/a/146733197_102185
股骨头坏死致残率高，如何早发现早治疗？,http://www.sohu.com/a/146480316_441301
科普 | 宝宝总是夜醒为什么？,http://www.sohu.com/a/146428475_184141
柠檬酸美白的果蔬会致癌吗？,http://www.sohu.com/a/146258951_100648
“血管支架全身都能放”您知道多少？,http://www.sohu.com/a/146561850_106000
这个东西你家也有，请务必小心看管！2岁孩子把它吞下肚，只能手术取出······,http://www.sohu.com/a/146744896_375998
眼干、眼涩、看东西重影？同仁眼科大咖教你来护眼,http://www.sohu.com/a/146726614_612534
收藏级！无删减版颈椎病防治全集,http://www.sohu.com/a/146721786_374887
芦笋竟然有这么多好处！赶紧买回家吃！,http://www.sohu.com/a/146819001_135619
高考进行时：送上一份青少年抵御脑肿瘤指南,http://www.sohu.com/a/146718053_126260
一张清单教你“去农残”的最靠谱方法！终于吃了颗定心丸……,http://www.sohu.com/a/146471578_115208
精液是怎样射出的，为什么会出现早泄？,http://www.sohu.com/a/146181532_352936
明天940万考生将参加高考，这些事项家长一定要提前知道！,http://www.sohu.com/a/146517558_113735
喝茶改变癌症和激素代谢相关基因表达,http://www.sohu.com/a/146446042_115031
吃胎盘，真的大补吗？,http://www.sohu.com/a/146221015_450913
用牛奶敷脸能美白吗？,http://www.sohu.com/a/146442362_296504
6种病最适合看中医，以后别再乱投医了,http://www.sohu.com/a/146431478_115208
基因治疗又创佳绩，一次治疗“永绝”过敏！,http://www.sohu.com/a/146517512_183834
【开讲啦】做好围孕期保健，让幸福绵延~,http://www.sohu.com/a/146517498_132627
和缓医疗：重新认识生命和死亡,http://www.sohu.com/a/146691417_375318
子宫输卵管超声泡沫造影的准确性,http://www.sohu.com/a/146619520_374897
【房颤日】拿什么拯救你，我的心房？,http://www.sohu.com/a/146487131_375953
威逼利诱无奈调剂 他们的高考学医路画风很不同,http://www.sohu.com/a/146558351_139908
美味又不易胖的 10 种夜宵，拯救晚上饿了的你！,http://www.sohu.com/a/146286846_456121
育儿知识：你关心的“宝宝发热”问题都在这里,http://www.sohu.com/a/146319709_101295
协和张羽：子宫内膜息肉,http://www.sohu.com/a/146316889_375993
枕手睡觉不是好习惯，请赶紧改正！,http://www.sohu.com/a/146697256_456052
欧洲推出首个飞行猝死救治指南,http://www.sohu.com/a/146721034_100444
今天是首个世界害虫日  世界上到底有多少害虫，谁知道啊？,http://www.sohu.com/a/146602504_374903
【ASCO 2017】吴一龙教授：c-MET 扩增抑制剂早期研究成果令人振奋！,http://www.sohu.com/a/146574975_564028
请珍惜你身边戴眼镜的人，这么多年他都可能戴错了……,http://www.sohu.com/a/146554426_115208
高考倒计时 | 备战不落幕，调整心态分留住！,http://www.sohu.com/a/146243826_508456
芒种节气，利湿祛毒防病侵,http://www.sohu.com/a/146162641_196304
【警惕】“偷走视力”的除了眼疾，还可能是……,http://www.sohu.com/a/146430093_565194
你家娃有湿疹么？我家有，还是俩……,http://www.sohu.com/a/146558157_426572
家有考生，父母该如何安排饮食？,http://www.sohu.com/a/146416820_313701
超级抗生素：升级3.0，抗菌效果提升25000倍！,http://www.sohu.com/a/146446056_115031
糖友减肥，是否不吃晚饭就行呢？,http://www.sohu.com/a/146414283_426573
保障健康扶贫政策落实，安徽有这些做法,http://www.sohu.com/a/146509427_120967
宝宝怎么吃，有营养，又省心？,http://www.sohu.com/a/146442357_296504
早起做运动，从头到脚8个动作，让你轻松一整天！,http://www.sohu.com/a/146819002_135619
J Hypertens：血压和乳腺癌的风险相关吗？,http://www.sohu.com/a/146465054_632000
曝光 | 两家餐饮企业的发面制品被查不合格,http://www.sohu.com/a/146483857_464400
大哥也能得乳腺炎？！,http://www.sohu.com/a/146172299_426521
帕金森病有能治愈的办法吗？答案可能会让你失望,http://www.sohu.com/a/146430656_456052
六岁儿童竟然患上颈椎病！这些习惯你的孩子也有,http://www.sohu.com/a/146687483_656386
快被工作“逼疯”了？女康复师告诉你幸福感从何而来,http://www.sohu.com/a/146726593_612534
【关注】国家卫计委新闻发布会，安徽河北健康扶贫经验被推介,http://www.sohu.com/a/146558715_464387
无声的慢性肾脏病：预防从哪儿做起？,http://www.sohu.com/a/146196607_430714
用公共马桶会染上性病？协和医生教你戳破谎言,http://www.sohu.com/a/146540340_557099
你问我答之子宫内膜异位症与不孕,http://www.sohu.com/a/144455623_104246
回到高考那一年，我还会选择医科大学,http://www.sohu.com/a/146172821_104246
【117营养】骨质疏松那点事再讲讲,http://www.sohu.com/a/146702998_214475
院长日记  之  医生们的江湖（1）学会,http://www.sohu.com/a/146807393_227060
「专硕」不伦不类？有些医生确实这样想……,http://www.sohu.com/a/146554504_296660
颈动脉斑块的危险，如何判断？,http://www.sohu.com/a/146069901_266605
起死回生：用干细胞逆转死亡，试验即将开始,http://www.sohu.com/a/146517521_183834
4大信号提示，你的血液太黏了,http://www.sohu.com/a/146554434_162422
孕期怎么判断胎儿的性别？,http://www.sohu.com/a/146136483_102598
近视了，眼镜越晚戴越好？预防近视该怎么做？,http://www.sohu.com/a/146439754_135814
一个穴位治好足跟痛，按一按真不疼了！亲测有效！,http://www.sohu.com/a/146541019_135619
餐桌健康：控制食盐摄入要防“隐形盐”,http://www.sohu.com/a/146398279_398909
近视会导致视网膜脱离，你知道吗？,http://www.sohu.com/a/146410902_108057
面对死亡的课题，年过八旬的他们选择这样做,http://www.sohu.com/a/146602385_354821
与死神赛跑 他们不断创造“心”奇迹,http://www.sohu.com/a/146783963_100195
想除口臭，试试这 5 个方法,http://www.sohu.com/a/146430593_456117
今日17:25我院眼科陶勇、内分泌科范慧做客《养生堂》,http://www.sohu.com/a/146512544_100636
孙宝贵教授：为什么房颤是最危险的心律失常？,http://www.sohu.com/a/146420067_211526
小儿肺炎的食疗方法 七款食疗不能少,http://www.sohu.com/a/146407050_252487
健身跑跑跑，伤到半月板怎么办？微创关节科专家有办法~,http://www.sohu.com/a/146253779_391346
肿瘤医生给癌症患者的一封信：我们能做些什么？,http://www.sohu.com/a/146201914_102256
高考倒计时，听听他们当年的“高考故事”...,http://www.sohu.com/a/146517561_132736
这些食物， 空腹真的要慎吃,http://www.sohu.com/a/146286792_456121
连课堂出勤率都保证不了的哈佛医学院，是怎么培养出好医生的？,http://www.sohu.com/a/146697231_464405
孩子，淡定｜高考减压指南,http://www.sohu.com/a/146333768_634722
糖尿病口服药治疗,http://www.sohu.com/a/146467571_762413
清晨血压：降压管理的突破口,http://www.sohu.com/a/146691368_375318
“骨髓抑制”是个什么鬼？,http://www.sohu.com/a/146822538_632007
【健康链接】戒烟门诊  帮您戒烟,http://www.sohu.com/a/146482484_456093
医学潮头︱基于危险度分层的III期结肠癌的个体化化疗时代可能已经到来！,http://www.sohu.com/a/146721934_387506
专访西奈山医疗CEO：看“空床计”如何扭亏为盈,http://www.sohu.com/a/146821031_139908
没得病也要吃药，预防糖尿病的正确方式,http://www.sohu.com/a/146318311_426570
剖腹产怕疼？母乳喂养又有新优势！,http://www.sohu.com/a/146517495_183834
泌尿专家告诉你，什么样的“丁丁”有问题！,http://www.sohu.com/a/146555410_377342
治病不求太完美 基本正常就可以了？,http://www.sohu.com/a/146554098_332478
夏季吃虾好季节，但要谨记4个部位不能吃,http://www.sohu.com/a/146525849_456065
不是所有汤药都要趁热喝,http://www.sohu.com/a/146401323_243428
高考在即 | 五点饮食建议，助力考生营养,http://www.sohu.com/a/145979929_100163
「活动预告」北京协和医院举办爱眼日大型公益义诊,http://www.sohu.com/a/146479279_102327
浙江卫计委“下血本”193家卫生院医疗设备全升级,http://www.sohu.com/a/146441625_139908
夏天总爱拉肚子？盘点9种止泻药，看完再也不怕吃错了！,http://www.sohu.com/a/146819003_135619
胆固醇-血脂危机 错还在它,http://www.sohu.com/a/146397210_438003
骨科专家答患者问 | 胖会加重关节炎，但是减肥需要多运动，多运动不是更...,http://www.sohu.com/a/146807386_100743
警惕 | 躲开了二手烟却避不开三手烟！三手烟的危害更大哦~,http://www.sohu.com/a/146481085_456086
微专题 | 爱眼日，不要让宠物威胁你的眼健康,http://www.sohu.com/a/146501267_451211
那人性的光辉与阴暗--评慈溪市人民医院伤医事件,http://www.sohu.com/a/146334295_110618
你“荒废”了眼睛，眼睛就把你“荒废”了！,http://www.sohu.com/a/146558406_456084
夏季进入手足口病流行高发期，儿科专家教你如何预防和治疗,http://www.sohu.com/a/146810053_456136
是什么“激怒”了癌细胞？,http://www.sohu.com/a/146223766_183834
孩子高考焦虑失眠怎么办  三招帮你解决,http://www.sohu.com/a/146791006_100499
协和张羽：子宫内膜息肉,http://www.sohu.com/a/146252322_375993
错过了《糖尿病运动治疗全攻略》和《细说糖尿病的非药物治疗》两次直播？没关系，回听内容更...,http://www.sohu.com/a/146414669_426573
辟谣 | 食盐用“玻璃”做？你会相信吗？,http://www.sohu.com/a/146483882_464400
雨季防湿疹，“五忌”要记牢！,http://www.sohu.com/a/146546259_603448
【实用】耿亚辉：这样补钙白费力,http://www.sohu.com/a/146583909_249884
高考来了，除了发烧，来月经，估计考生们最怕这事,http://www.sohu.com/a/146686499_456102
头条问答：吃苯溴马隆1个月，痛风发作2次，为什么？,http://www.sohu.com/a/146549095_632004
【收藏】中医支招，高考饮食的这5大原则！家长一定要知道！,http://www.sohu.com/a/146524659_456094
这里的“三伏贴”获湖南省中医药专长绝技，赶紧来预约！,http://www.sohu.com/a/146807388_174657
绿豆汤虽然好，但有 5 种人不能喝？,http://www.sohu.com/a/146284064_296504
癫痫引起的消极情绪如何改善？,http://www.sohu.com/a/146387856_188714
朋友圈售药控制生男生女，你觉得可信么？,http://www.sohu.com/a/146136482_102598
您的肚子像苹果，心脑血管疾病都喜欢吃！,http://www.sohu.com/a/146042506_101336
【好消息】2017年“冬病夏治”开始预约！,http://www.sohu.com/a/146472119_374910
完善“三重”保障，河北亮点有哪些？,http://www.sohu.com/a/146509267_120967
【微新闻】9旬老太严重膝关节炎，大家都劝她坐轮椅凑合算了，没想到她竟然……,http://www.sohu.com/a/146435637_169298
好姑娘依然能够盘腿打坐走四方—术后康复的重要性,http://www.sohu.com/a/146072187_458597
股骨头坏死何时适合人工关节置换?,http://www.sohu.com/a/146804832_606732
急诊工作如何避免法律纠纷,http://www.sohu.com/a/146703277_634722
家长要注意：与孩子眼睛健康有关的八大误区要避开！,http://www.sohu.com/a/146430638_456052
夏季容易忽视的B族维生素,http://www.sohu.com/a/146061333_383956
还在被“低焦油”蒙蔽吗？它们的危害一点都不低！,http://www.sohu.com/a/146722508_297624
宣医科普：爱眼日，小朋友们如何预防近视？,http://www.sohu.com/a/146517526_100853
带宝宝出去旅游注意啥？,http://www.sohu.com/a/146221946_99891424
这些症状是心脏病猝死信号,http://www.sohu.com/a/146712592_590305
别让尿床毁了你的孩子！,http://www.sohu.com/a/146166676_215241
最坑老年人的10大健康误区,http://www.sohu.com/a/145457718_218376
【健康】骨质疏松，你“预测”到了吗？,http://www.sohu.com/a/146795558_375953
吴帅：4岁患儿因这个药死亡，药名太具有欺骗性，甚至可以骗过医生！,http://www.sohu.com/a/146440898_762409
感冒了就用抗生素，这样病就好的快吗？,http://www.sohu.com/a/146751861_375985
糖尿病肾病病友的其他注意事项包括哪些？,http://www.sohu.com/a/146165200_762413
【养生】79岁老中医气色好、头发密，只因每天做这三件事！,http://www.sohu.com/a/146237298_456094
绩效评估以什么为导向？,http://www.sohu.com/a/146281102_109087
【全国爱眼日】过半家长不知近视不能治愈,http://www.sohu.com/a/146558719_464387
你的眼睛还好吗？整天玩手机的，赶紧来看看！,http://www.sohu.com/a/146540666_135619
医改案例 | 医保引导分级诊疗的苏北经验,http://www.sohu.com/a/146752768_426576
一组大样本宫颈癌组织的HPV分型检测结果,http://www.sohu.com/a/146696382_114491
【航天健康大讲堂】甲状腺疾病为何高发？,http://www.sohu.com/a/146384190_100630
如何扫清处方审核中的高频配伍之「雷」？,http://www.sohu.com/a/146442354_296660
孩子视力下降，有可能“拉回来”吗？,http://www.sohu.com/a/146219567_104952
北京医院胸外科专家现场演示手术技艺，与学员交流零距离！,http://www.sohu.com/a/146760025_386893
这几天广场舞不能跳了，大妈们别急，这套操更合适,http://www.sohu.com/a/146794247_456096
芒种“忙着种”，吃可别耽误,http://www.sohu.com/a/146113447_387210
【今日，芒种】收种农忙正当时，中医养生要注意！,http://www.sohu.com/a/146188034_603448
农残最高的蔬菜竟然是它！浸泡超过这个时间反而会回吸农药…错了快改,http://www.sohu.com/a/146811551_426579
1岁以内的宝宝不能喝豆浆？答案没这么简单，这些知识你应该知道,http://www.sohu.com/a/146071530_100935
吸烟的肺和不吸烟的肺是什么样子的？,http://www.sohu.com/a/146518184_812575
一熬夜就想吃夜宵，原来是这么回事,http://www.sohu.com/a/146710829_473555
看懂心血管 CT 解剖 只要10 分钟,http://www.sohu.com/a/146589767_426577
治疗近视眼的方法有哪些,http://www.sohu.com/a/146404458_590305
憋出来的“心绞痛”,http://www.sohu.com/a/146083887_129478
提示｜高考期间饮食全攻略，家有考生必看,http://www.sohu.com/a/146821209_120967
五谷杂粮，还有你不知道的抗癌功效！,http://www.sohu.com/a/146031457_404984
保健 | 舌头还能看出心脏状态？不信，花10秒来测测,http://www.sohu.com/a/146810738_456086
心慌时，摸摸脉,http://www.sohu.com/a/146068941_100444
夏天可适当吃点维生素B，缓解身体不适,http://www.sohu.com/a/146084854_398909
吴永友：幽门螺旋杆菌会引发哪些胃病？,http://www.sohu.com/a/146517486_215122
夜里睡觉腿突然抽筋怎么办？,http://www.sohu.com/a/146237333_456061
坏死的股骨头能否保住？,http://www.sohu.com/a/146083450_374887
为什么胃癌一发现就是晚期？,http://www.sohu.com/a/146252575_377332
母乳、奶粉、辅食……宝宝的营养究竟怎么补才对？,http://www.sohu.com/a/146284485_374894
孩子体质好，疫苗还打不打？爸妈都关心的 5 个疫苗问题,http://www.sohu.com/a/146284476_374894
健康 | 芒种养生全攻略，老中医推荐最养生的“五菜三茶”,http://www.sohu.com/a/146223806_113735
痛痛痛别只贴贴贴，骨质疏松得堤防,http://www.sohu.com/a/146807725_162422
【讲故事•学中药】成语“薏苡明珠”中竟藏着一味实用的中药，您能猜出来吗...,http://www.sohu.com/a/146795557_375953
这种药每年可拯救数万名患者，却面临生产危机,http://www.sohu.com/a/146527198_377328
孙宝贵教授：老年人心率少于45次当心心律失常！,http://www.sohu.com/a/146418910_211526
狐观医改 | 易利华：院长也要有创新品质,http://www.sohu.com/a/146133816_452205
淋巴结肿痛是淋巴癌吗？怎么治疗有效果？,http://www.sohu.com/a/146185363_522121
PGS中发现染色体嵌合现象的全球调查,http://www.sohu.com/a/146619532_374897
狐大医 | 三点助你夏季躲开肠胃炎？,http://www.sohu.com/a/146214395_104952
震惊！这花有毒，居然这么多人都爱吃？,http://www.sohu.com/a/146525625_456065
怎么吃，才能让癫痫孩子更健康？,http://www.sohu.com/a/146071345_392509
宫颈癌的早期信号，要小心！,http://www.sohu.com/a/146116527_464407
筋膜炎的烦恼,http://www.sohu.com/a/146791003_100499
茶再好也要换着喝！一天3个时段各有“最佳养生茶”,http://www.sohu.com/a/146167311_115208
现在医院剖腹产一天就让下床，真的没问题吗？,http://www.sohu.com/a/146469642_102598
聚焦｜青海西宁启动“新市民健康城市行”流动人口健康促进宣传周活动,http://www.sohu.com/a/146821166_120967
分享 | 吃个毛桃住进ICU！吃桃六大禁忌，不可不看哦~,http://www.sohu.com/a/146810667_456086
孩子们的午餐时光系列之（24）_胡陵,http://www.sohu.com/a/146249361_101492
拥抱可以减少患病风险,http://www.sohu.com/a/146711400_473555
您了解妊娠期糖尿病吗来友谊听专家诠释,http://www.sohu.com/a/146198334_100451
高考加油｜考试期间餐饮食谱，为你助威！,http://www.sohu.com/a/146727038_612534
医保报销比例岂能“不断”提高,http://www.sohu.com/a/146214064_439958
现在医院是如何治疗睾丸附睾炎的？,http://www.sohu.com/a/146229982_639582
西湖沸腾：浙一医联体十年耕耘百花竞放,http://www.sohu.com/a/146807738_162422
食物保存需谨慎，十种不宜冰箱储存的食物,http://www.sohu.com/a/146201558_456065
精准医学如何从科研落地到临床诊疗和健康管理？,http://www.sohu.com/a/146468852_139908
【术后】甲状腺手术后，康复问题真不少,http://www.sohu.com/a/146795556_375953
京医科普 | 这病发作再重视已经晚了！何不防患于未然呢？,http://www.sohu.com/a/146137300_386893
为什么有的东西，一吃就流鼻血？,http://www.sohu.com/a/146284200_296504
每天一小把，效果惊人！,http://www.sohu.com/a/146810500_456079
考试就紧张，会做的题也容易错，孩子考试焦虑怎么办？,http://www.sohu.com/a/146469665_198309
【专家访谈】从肝癌防治看中医如何治疗肿瘤,http://www.sohu.com/a/146733484_102185
【人民现场】狗“杀”主人，不是奇闻~,http://www.sohu.com/a/146304666_100924
禁欲能提高精子质量吗？看看你就知道了！,http://www.sohu.com/a/146069963_464447
“垂涎三尺”可能是中风先兆,http://www.sohu.com/a/146291002_502689
输尿管结石的症状,http://www.sohu.com/a/146412051_590305
现场｜“健康中国行”走进湖南——我们从红军树下出发,http://www.sohu.com/a/146821176_120967
这种隐藏在人体最表层的病症，这种病该怎么办？,http://www.sohu.com/a/146492585_455575
想要远离肿瘤，就要做到这10点！,http://www.sohu.com/a/146223793_113735
心脏病发作只是胸口剧痛？六个特殊症状要小心,http://www.sohu.com/a/146066788_104952
卢丙仑教授：立体网格线雕你将经历怎样的过程？,http://www.sohu.com/a/146296513_375024
【每日一膳】身体哪方面易出毛病？这样做可提早知！送道汤助您炎炎夏日消暑降火！广东省中...,http://www.sohu.com/a/146792223_169298
前方高能，眼疲劳向你发出警报,http://www.sohu.com/a/146807731_162422
腹痛系列（2）生与死之间，只差一份CT检查！,http://www.sohu.com/a/146005575_125765
【佑安学术】佑安医院消化中心首届胃镜止血沙龙手把手培训效果好,http://www.sohu.com/a/146807425_100411
新生儿守护者刘敬：让超声成为医生的第二个听诊器,http://www.sohu.com/a/146392107_139908
肌电图——小儿神经系统疾病的“定位仪”,http://www.sohu.com/a/146402287_113177
吃完烧烤总是拉肚子，可能是这几个原因造成的！,http://www.sohu.com/a/145400793_313701
牙医是这么用牙膏的，现在知道还不晚！好多人其实都在养细菌……,http://www.sohu.com/a/146259595_426579
高考倒计时：如何健康应对高考,http://www.sohu.com/a/146387693_392509
24岁小伙突发急性脑梗死！除了“短命”，熬夜也没什么特别的坏处,http://www.sohu.com/a/146284044_115208
夏季防治蚊叮虫咬，你知道到底搽些什么东西好吗？,http://www.sohu.com/a/146069949_456052
守护者风采|积水潭小儿骨科郭源：不忘初心 方得始终,http://www.sohu.com/a/146726587_612534
【空总科普】老年人内镜检查那些事儿之结肠镜篇,http://www.sohu.com/a/146807379_107515
80%的疾病和饮用水污染有关，你喝的水够干净吗？,http://www.sohu.com/a/146192127_102256
尿道炎为什么那么难治,http://www.sohu.com/a/146487912_639582
1928年小明度了个假，就拿了诺贝尔奖！,http://www.sohu.com/a/146550783_685386
髋部骨折为何“青睐”60 岁以上老人,http://www.sohu.com/a/146391058_243428
不懂这一点，只会让孩子的牙齿越刷越烂！,http://www.sohu.com/a/146196887_253780
一个畅销进口药被全国禁用了！,http://www.sohu.com/a/146287794_456062
季刚：浅谈“减肥餐”的8个误区,http://www.sohu.com/a/146194316_215122
六部门联合发布《“十三五”卫生与健康科技创新专项规划》,http://www.sohu.com/a/146821165_120967
【重发】怀孕生孩子那些事  之  孕期补钙Q&A（附：喜马拉雅FM会员日优惠...,http://www.sohu.com/a/146506647_227060
右眼跳“灾”是真的？,http://www.sohu.com/a/146116519_464407
科普 | 宝宝体温高病情一定重吗？,http://www.sohu.com/a/146066203_184141
引起三叉神经痛的因素有哪些？,http://www.sohu.com/a/146177313_188714
关注癌痛 | 在生命的“结束语”中注入一点点幸福,http://www.sohu.com/a/146807729_162422
大健康领域风口正劲，人才成“香饽饽”,http://www.sohu.com/a/146179454_452205
【佑安学术】第十八次全国中医肝胆病学术会议传承经典反响热烈,http://www.sohu.com/a/146807392_100411
什么情况下要查心脏超声？,http://www.sohu.com/a/146066783_456102
夏天到了，晒黑了怎么白回来？,http://www.sohu.com/a/146237317_456061
狐大医 | 预防房颤卒中，阿司匹林作用并不大,http://www.sohu.com/a/146075843_104952
叶天士心理医案两则（一）,http://www.sohu.com/a/146599074_240468
医院故事|助人情节,http://www.sohu.com/a/146601927_100728
【人物专访】流行病室主任乔友林：宫颈癌防控的“中国名片”,http://www.sohu.com/a/146469800_102185
过敏症为什么增加了？,http://www.sohu.com/a/146283301_100728
眼睛不舒服或许提示颈椎病,http://www.sohu.com/a/146197637_197305
哮喘和鼻炎控制不好，可能是这件事没做好！,http://www.sohu.com/a/146196181_375998
家人突然晕倒，在救护车来之前我们能做点啥？,http://www.sohu.com/a/145508378_313701
【ADA2017】主席聊热点,http://www.sohu.com/a/146478505_456026
6款食疗方，吊起你夏天的衰退胃口,http://www.sohu.com/a/146807739_162422
【佑安义诊】北京佑安医院老专家义诊宣教进社区,http://www.sohu.com/a/146807407_100411
陈文明教授：多发性骨髓瘤的诊断,http://www.sohu.com/a/146586898_175723
【积医科普】光敏性皮疹要注意防晒,http://www.sohu.com/a/146223786_107808
戴个墨镜帅酷了！可是，小孩子真的可以戴墨镜吗?,http://www.sohu.com/a/146433725_135797
小心！床头放这 3 种东西，真的会影响健康,http://www.sohu.com/a/146136975_296504
猪油能少吃就少吃！因为……,http://www.sohu.com/a/146069684_456117
【王敏】糖尿病朋友吃主食，稳定血糖的4个诀窍,http://www.sohu.com/a/146070987_214475
男子吃了个时令水果，全身又痛又痒还差点丢了性命，这种水果别大意！,http://www.sohu.com/a/146237316_456061
胰岛素用量越来越大，血糖还是降不下来，竟然是胰岛素失效啦！如何预防失...,http://www.sohu.com/a/146238235_190955
宝宝出汗是缺钙？更可能是这些原因,http://www.sohu.com/a/146284500_374894
詹启敏：大数据会对医疗做出精准决策,http://www.sohu.com/a/146438023_139908
又双叒叕长见识了：常喝可乐会让这种病找上你！,http://www.sohu.com/a/146079031_583243
高度近视+顺产=视网膜脱落？,http://www.sohu.com/a/146588198_377327
10 个症状提醒你，该做个甲状腺检查啦！,http://www.sohu.com/a/146558660_685372
家有考生的看过来！高考期间怎么吃,http://www.sohu.com/a/146251558_792299
胰岛素治疗,http://www.sohu.com/a/146467570_762413
这么护肤，只会让皮肤越来越差！,http://www.sohu.com/a/146116523_464407
焦虑的人，不如让你的身体比心“累”一点,http://www.sohu.com/a/146284055_115208
私密整形——那层“膜”的修补方式,http://www.sohu.com/a/146069838_375024
宝宝生病了，预防针可以推迟打吗？,http://www.sohu.com/a/146114182_393121
心酸！和医生谈恋爱是正宫地位、小三待遇……,http://www.sohu.com/a/146633347_456062
如何避免S（虐）M（恋）过程中的意外伤害？,http://www.sohu.com/a/146255954_426572
一周里每天只少睡俩小时，就看似老了15岁！,http://www.sohu.com/a/146412595_473555
曝光 | 这个地方部分糕点、调味品、酒不合格，产品被勒令召回,http://www.sohu.com/a/146238579_464400
零容忍：在儿童节殴打医生的那位公务人员已被处理,http://www.sohu.com/a/146164926_762408
椎管内肿瘤造成脊髓压迫9个月孕妇下肢功能近丧失,http://www.sohu.com/a/146093411_126260
送出9剂解药，助你化“癣”为夷,http://www.sohu.com/a/146807727_162422
互联网诊疗乃至在任意时空下诊疗是医生的天然执业权利,http://www.sohu.com/a/146590269_426568
20天内，国家卫计委为“健康扶贫”开两次新闻发布会！打算怎么做？,http://www.sohu.com/a/146604267_456029
儿童用药的几大谎言？是否要输液，要不要用抗生素，越贵就越好吗,http://www.sohu.com/a/146264862_812575
芒种时节话养生,http://www.sohu.com/a/146257173_456084
谣言已成黑色产业链，食品企业悬赏千万“缉凶”,http://www.sohu.com/a/146085313_456039
慢性肾炎看似并不可怕，那我换个说法：尿毒症早期,http://www.sohu.com/a/146073937_473555
【帕友故事】八年帕金森病误当颈椎病治疗三年,http://www.sohu.com/a/146485252_229542
联合血管旁路手术双管齐下，更好改善脑部供血,http://www.sohu.com/a/146485279_175948
感冒初期千万别吃这种水果，当心加重病情！,http://www.sohu.com/a/146540664_135619
30%～40%的肿瘤直接与膳食有关，膳食营养10原则帮您远离肿瘤危害！,http://www.sohu.com/a/146066884_464410
宁光院士如何看待精准医疗？听听他怎么说,http://www.sohu.com/a/146433815_139908
ASCO 2017 | 肝癌领域公布重要研究，索拉非尼仍是中晚期肝癌标准一线治疗,http://www.sohu.com/a/146575041_564028
【名医科普】不孕不育原因知多少？,http://www.sohu.com/a/146188607_372143
这几类药不能突然停，很危险！赶快告诉身边的人,http://www.sohu.com/a/146587790_267160
脑卒中后70%的患者存在吞咽困难，该怎么治疗？,http://www.sohu.com/a/146267364_812575
【安全用药】这5类药物不能与牛奶同服！,http://www.sohu.com/a/146188032_603448
舌尖上的高考,http://www.sohu.com/a/146558410_456084
中医药法释义系列(42) | 重视中医药学术传承，并提供必要条件,http://www.sohu.com/a/146525908_456034
比雾霾更可怕的是家居污染！对照排查你家哪个房间是重灾区,http://www.sohu.com/a/146284087_115208
中国房颤日：我们关注您的「心」声 ——陈韵岱教授谈房颤的规范化管理,http://www.sohu.com/a/146589831_426577
全国爱眼日——如何去除黑眼圈？,http://www.sohu.com/a/146440626_685384
产后失禁，当心盆底肌松弛,http://www.sohu.com/a/146527343_113517
长期卧床患者的7大并发症,http://www.sohu.com/a/146073229_375318
【同语轩】癌症筛查，到底查什么？,http://www.sohu.com/a/146070991_214475
想要赵医生？有个学医的男朋友是一种什么样的体验？,http://www.sohu.com/a/146619578_374880
刨根问底：使用利巴韦林后至少避孕半年？,http://www.sohu.com/a/146588211_377327
不吃主食真的能瘦下来？真相却是这样的,http://www.sohu.com/a/146086099_127554
【问答】我家宝宝七个月，母乳喂养，最近早上起床眼睛有很多黄黄的眼屎，...,http://www.sohu.com/a/146456513_525338
脐血造血干细胞移植在儿科疾病治疗中的重要作用,http://www.sohu.com/a/146452764_114491
关于“痘痘”你必须知道的常识和误区,http://www.sohu.com/a/146512548_100636
乙肝治疗有策略，不该治时别惹它,http://www.sohu.com/a/146224854_162422
2017年9月6-8日：群英汇聚“腹膜后肿瘤高级培训班”,http://www.sohu.com/a/146517520_215122
体感音乐治疗对PCOS患者试管婴儿治疗结局,http://www.sohu.com/a/146099251_114491
失眠焦虑？一片空白？都是小case！,http://www.sohu.com/a/146200687_456079
全国优秀中医临床人才陈其华：考生情绪紧张，可按摩太阳穴百会穴,http://www.sohu.com/a/146194311_174657
靠药调经期，身体危害大,http://www.sohu.com/a/146168026_375985
【健康小常识】敲黑板！专家教你夏季如何防蚊？,http://www.sohu.com/a/146144196_100182
干货来了——片剂药物种类及特点,http://www.sohu.com/a/146467572_762411
岳美中：极其寻常的大枣，你会用吗?,http://www.sohu.com/a/146066882_464410
基层百姓有福啦！提升基层预防接种能力，刚刚启动了大项目！,http://www.sohu.com/a/146604269_456029
“艾滋考场”，新华社发问：歧视还是关爱？！,http://www.sohu.com/a/146212317_564030
烟雾病致脑中动脉重度狭窄，金永健联合搭桥显神通,http://www.sohu.com/a/146487208_175948
漫画：最怕导师突然的关心......,http://www.sohu.com/a/146284234_296660
【ASCO 2017】重磅： Ⅲ 期结肠癌辅助化疗，3 个月不劣于 6 个月,http://www.sohu.com/a/146574993_564028
科普 | 酸奶好喝，可你会挑选吗？,http://www.sohu.com/a/146239200_464400
首次揭露！上网对心率和血压究竟有何影响？！,http://www.sohu.com/a/146223735_183834
夏日炎炎，警惕“咽火”风波,http://www.sohu.com/a/146164431_685375
虚惊一场的黑便,http://www.sohu.com/a/145106081_509844
声音嘶哑，原是药物惹的祸！,http://www.sohu.com/a/146546328_603448
像乐高一样的实验室自动化整体解决方案是什么？,http://www.sohu.com/a/146393018_128505
中医调理月经要多久    女人月经不调要注意什么,http://www.sohu.com/a/146170834_590305
年轻、基层医生如何与大专家对话？秘籍在此！,http://www.sohu.com/a/146259265_377328
【科普】母乳中含有巨细胞病毒还可以继续哺乳吗,http://www.sohu.com/a/146456512_525338
为考生减压，父母要做好“定海神针”,http://www.sohu.com/a/146478920_456081
为啥许多院长管理培训没有共识?,http://www.sohu.com/a/146057726_102699
薄型子宫内膜,http://www.sohu.com/a/146515832_99891428
【养生】芒种时节话养生,http://www.sohu.com/a/146172293_375953
骨质增生，也许和你知道的不一样！,http://www.sohu.com/a/146430789_456052
癫痫科普丨脑电异常一定是癫痫吗？,http://www.sohu.com/a/146467755_788203
女人过分小心眼好吗？男人最讨厌的女人,http://www.sohu.com/a/146201564_456065
高考这几天吃什么好？靠谱的方法看这篇,http://www.sohu.com/a/146338050_375997
孩子睡觉打呼噜可能是种病，还会影响颜值和智力发育！,http://www.sohu.com/a/146472795_375998
【航天健康大讲堂】中医话养生之芒种节气篇,http://www.sohu.com/a/146098778_100630
强制性脊柱炎，我该拿你怎么办？！,http://www.sohu.com/a/146474120_606732
什么，大哥也能得乳腺炎？！,http://www.sohu.com/a/146016168_426521
“中国减重手术第一胖”，告别510斤肥胖噩梦,http://www.sohu.com/a/146083038_113177
京医科普 | 经济舱综合征！会成为您环游世界的障碍吗？,http://www.sohu.com/a/146473906_386893
第22个全国爱眼日——年龄相关性黄斑变性，您了解它吗？,http://www.sohu.com/a/146502978_570574
【爱眼日】据说近视会遗传？据说轻度近视可恢复？据说长期戴美瞳眼会瞎？这么多据说怎么办！,http://www.sohu.com/a/146553623_101688
一图话百草 | 让你远离口臭尴尬的山柰,http://www.sohu.com/a/146237327_456061
【你问我答•栏目】炎症性肠病之妊娠相关注意事项,http://www.sohu.com/a/146550725_685378
喝甜饮料升高甘油三酯，吃花生则可降低,http://www.sohu.com/a/145986233_100444
得了癫痫，什么时候需要到医院复诊？,http://www.sohu.com/a/146101318_123781
什么是胎盘早剥，要注意什么？,http://www.sohu.com/a/146073207_375318
近视到底怎么防？爱眼日，眼科专家给你讲讲,http://www.sohu.com/a/146527240_377328
想减肥却管不住嘴？教你 6 个小妙招,http://www.sohu.com/a/146284040_296504
Hum Mol Genet：喝茶改变癌症和激素代谢相关基因表达，但只存在于女性...,http://www.sohu.com/a/146465057_632000
降压没那么简单：盘点 5 大类降压药的不良反应与对策,http://www.sohu.com/a/146014426_426577
【语音】你所不知道的长跑危害（附解药）,http://www.sohu.com/a/146554427_162422
糖尿病及其并发症的中医治疗规范（二）—糖尿病与视网膜病变,http://www.sohu.com/a/146135195_762411
头晕，查查脑血管,http://www.sohu.com/a/146391056_243428
【高考提示】北京疾控专家：考生一日三餐这样吃,http://www.sohu.com/a/146558716_464387
产后女性应常规进行盆底肌肉训练,http://www.sohu.com/a/146393952_398909
2017年的供精来啦,http://www.sohu.com/a/146515841_99891428
夏季护肤10个坑，每个坑都是给您的皮肤埋雷！,http://www.sohu.com/a/146066892_464410
【科普营养】康叔推荐减肥必备食物，不管你怎么减，这些食物一定不能减,http://www.sohu.com/a/146070981_214475
孕妈妈，您孕期口腔保健了吗？,http://www.sohu.com/a/146480794_456073
早起，口臭总是特别严重？应该这么办…….,http://www.sohu.com/a/146305020_267160
芒种来了！ 夏天爱打盹，原来是身体里面缺少TA,http://www.sohu.com/a/146028353_374903
怎么办？我家有个“尿床郎”,http://www.sohu.com/a/146110927_196455
查出妊娠糖尿病，咋办？先别难过，饮食调控做好这7条很关键,http://www.sohu.com/a/145996939_106874
【焦点】史上最全的人工受孕技术讲解,http://www.sohu.com/a/146134038_632015
第22个全国爱眼日——这5个配眼镜的困惑您有过吗？眼科医生帮您答！,http://www.sohu.com/a/146502932_570574
【封面】炎热和雷雨交替的天气不舒爽？芒种节气中医专家送您五条养生秘笈！,http://www.sohu.com/a/146168494_169298
【人民•爱眼日】眼镜越戴越近视，这是真的？,http://www.sohu.com/a/146517523_100924
真相 | 你以为抽一根儿没事儿就真没事儿了？,http://www.sohu.com/a/146517655_113735
骨髓移植的并发症及代谢特点,http://www.sohu.com/a/146134039_632010
三七好处千万种，教你如何买到真三七！,http://www.sohu.com/a/146072779_473555
女性每天运动1小时  减少患乳癌几率,http://www.sohu.com/a/146090402_243428
The Lancet Global Health：研究人员找到影响艾滋病患者寿命长短的“元...,http://www.sohu.com/a/146465087_632000
女生必须知道的洗脸细节：皮肤专家讲一讲“洁肤保湿的门道”,http://www.sohu.com/a/146435699_387197
甲醛致癌终坐实！BRCA2变异和饮酒者更危险！,http://www.sohu.com/a/146223756_183834
全球罕见！肺癌“镜面人”胸腔镜切除术,http://www.sohu.com/a/146252686_377332
多发伤，你会首先处理什么？,http://www.sohu.com/a/146527212_377328
肠系膜淋巴炎”你治对了吗？,http://www.sohu.com/a/146166680_215241
【健康附一】驼背没什么大不了？当心这种全身性疾病来袭！,http://www.sohu.com/a/146228501_456105
高考期间吃这些食物，会引起记忆力减退——推荐3款有助记性的药膳,http://www.sohu.com/a/146517493_174657
狐观医改 | 龚晓明：医德败坏背后是无形体制之手,http://www.sohu.com/a/145951320_452205
养生 | 芒种易犯懒 午休能养阳,http://www.sohu.com/a/146201035_456086
就医帮 | 北京百余名医护人员护航高考,http://www.sohu.com/a/146142160_123191
【科室动态】中日肝胆领域顶级专家交流精准技艺,http://www.sohu.com/a/146553624_101688
【医疗】59岁女子肚大如足月妊娠，原来竟是12斤的子宫肌瘤，中山一院于近...,http://www.sohu.com/a/146440100_632015
人工智能可预测患者寿命！,http://www.sohu.com/a/146211364_397305
备战高考，从饮食开始应对紧张情绪,http://www.sohu.com/a/146396761_398909
光明日报报道英国中医发展：梅栋理放弃中医立法的无奈,http://www.sohu.com/a/146525988_456034
有益脊椎健康的姿势——李茜教授科普讲座（15）,http://www.sohu.com/a/146073920_375318
复方甘草片易成瘾，长期服用需小心,http://www.sohu.com/a/146168028_375985
科普｜宝宝发烧不要慌，科学退烧才不伤,http://www.sohu.com/a/146064838_674764
养成良好工作习惯，远离颈椎病的困扰,http://www.sohu.com/a/146512569_100636
你问我答，高考饮食热门问题！,http://www.sohu.com/a/146502898_570574
【爱眼日】了解老年性白内障的早期症状！,http://www.sohu.com/a/146546310_603448
【每周一穴】四神聪穴，健脑益智的“良药”！,http://www.sohu.com/a/146168499_169298
乙肝患者要治疗也要减肥,http://www.sohu.com/a/146804634_100151
阿司匹林能代替华法林吗？,http://www.sohu.com/a/146772994_102282
胰岛素其实没那么可怕,http://www.sohu.com/a/146808124_430714
实施健康脱贫政策 分类救治贫困患者260多万人,http://www.sohu.com/a/146509213_120967
人工智能可预测患者寿命！精准度与医生相当,http://www.sohu.com/a/146160209_139908
罗成华：怎样通过饮食原理大肠癌？,http://www.sohu.com/a/146194354_215122
胸痛有无数种病，这几种要小心，是身体的求救信号,http://www.sohu.com/a/146079940_473555
卢丙仑教授：自体脂肪丰胸吸脂塑形一举两得,http://www.sohu.com/a/146102754_375024
【实用】危剑安：夏天“热着过”的那些讲究？,http://www.sohu.com/a/146248332_249884
【关注】环境好不好 鼻子先知道,http://www.sohu.com/a/146172294_375953
医说药说 | 女子一生中的卵子数量是有限的,http://www.sohu.com/a/146237336_456061
红枣好吃，但小心你买的不是「枣」,http://www.sohu.com/a/146014389_456121
放下那支烟，肺癌90%由吸烟引起,http://www.sohu.com/a/146224835_162422
别等中风之后才想起是房颤惹的祸！一个测试看你离房颤有多远,http://www.sohu.com/a/146554489_115208
本周健康讲座 | 如何让孩子长得更高？,http://www.sohu.com/a/146302096_612534
提醒 | 高考来临 这4个饮食禁忌千万不要犯啦~,http://www.sohu.com/a/146201047_456086
高考倒计时，家庭应急预案启动！,http://www.sohu.com/a/146283999_115208
长期23点后睡觉，小心身体这7个地方，补再多觉都没用,http://www.sohu.com/a/146022460_267160
就医帮 | 美国专家教你头痛咋看病？,http://www.sohu.com/a/146514809_104952
对于中高考学生青睐的“核桃”，该如何选择购买？,http://www.sohu.com/a/146270481_580620
“咔咔咔”，走起路来胯骨唱小曲，啥病？,http://www.sohu.com/a/146554424_162422
"肿瘤患者,夏季生活要注意这些事项！",http://www.sohu.com/a/146069941_456052
听说晒娃能防近视?,http://www.sohu.com/a/146494978_456079
新版国家基本公共卫生服务规范或将下月实施 你准备好了吗？,http://www.sohu.com/a/146519118_374886
警惕！不是所有的“怦然心动”都那么美？,http://www.sohu.com/a/146435710_387197
心内科值班必备宝典：这 8 大问题见招拆招,http://www.sohu.com/a/146286813_426577
【关注】孩子反复感冒怎么“破”？,http://www.sohu.com/a/146440102_632015
享受“目”浴阳光 ，体验“睛”彩人生,http://www.sohu.com/a/146517524_132627
夏天坐月子，新妈咪能吹空调，玩手机，洗头么？,http://www.sohu.com/a/146065447_590305
微专题｜中、高考将至，中医绿色疗法助你好眠,http://www.sohu.com/a/146527391_451211
【健康附一】爱眼日丨爱刷朋友圈的亲们注意了，当心干眼症！,http://www.sohu.com/a/146558394_456105
【招募】健康儿童心脏核磁共振检查志愿者招募啦,http://www.sohu.com/a/146472479_374910
变性手术居然是这么做的.......,http://www.sohu.com/a/146030622_634722
国家卫计委出手，医院收付费标准或将大变！,http://www.sohu.com/a/146212105_397305
怎么才能知道自己从糖尿病发展到并发症？4个方法自检！,http://www.sohu.com/a/145973364_99891425
孩子面瘫怎么治？—春季可是高发季,http://www.sohu.com/a/146166718_215241
宝宝咳嗽时如何选药,http://www.sohu.com/a/146168023_375985
【科普大赛】药剂科张元：那些年，我们一起误会的化疗,http://www.sohu.com/a/146469796_102185
段涛首次公开在体制内当院长时不为人知的一面,http://www.sohu.com/a/146519282_374886
【医知独秀】第十集：感冒药盒上的那些关键字，你都知道吗？,http://www.sohu.com/a/146172295_375953
【每日一膳】“芒种”和热浪同时光临，喝上这碗清热鲜甜的汤水点亮你的心情！广东省中医院杨...,http://www.sohu.com/a/146168500_169298
新版公卫下月实施，基层医生都注意啦！,http://www.sohu.com/a/146022457_267160
芒种养生全攻略，老中医推荐最养生的“五菜三茶”,http://www.sohu.com/a/146072444_115208
十月怀胎一朝分娩，问题来了是生，还是剖？,http://www.sohu.com/a/146069026_398909
泌尿专家告诉你什么样的“丁丁”有问题,http://www.sohu.com/a/146259227_377328
一网打尽：7 个癌肿 28 种靶向药物用法和不良反应,http://www.sohu.com/a/146005064_564028
女性感染了HPV一定会得宫颈癌？,http://www.sohu.com/a/146759325_102598
考前歇半小时，成绩更好,http://www.sohu.com/a/146779482_104952
夏天喝粥最养人！营养专家推荐6款“消夏粥”，送给没胃口的你,http://www.sohu.com/a/146773256_115208
日本代购的儿童“特效药”可能含有违禁药,http://www.sohu.com/a/146517963_812575
揭秘 | 病理报告为啥出那么慢？,http://www.sohu.com/a/146005087_564028
宝宝感冒了怎么办？,http://www.sohu.com/a/146168024_375985
70%肿瘤患者会感到乏力，怎么办？,http://www.sohu.com/a/146012436_377332
给宝宝添加辅食不能乱来，这些原则必须得掌握,http://www.sohu.com/a/146069945_456052
富天睿推酸枣仁安神粥 即刻甜美入睡,http://www.sohu.com/a/146525616_456065
脱水很危险，在家早判断,http://www.sohu.com/a/146250892_126336
医疗行业——创新，没有比有更好？,http://www.sohu.com/a/146519176_374886
【专家访谈】吃凉、吃辣、喝酒会得胃癌吗？,http://www.sohu.com/a/146346206_102185
考前饮食五忌,http://www.sohu.com/a/146545886_456079
中端医疗险是健康险的合适答案么？,http://www.sohu.com/a/146266876_139908
房颤是一个“温柔杀手”,http://www.sohu.com/a/146075213_375318
厨房遇到烫伤、刀割伤怎么办？这里教你几招,http://www.sohu.com/a/146520203_812575
怀孕生孩子那些事 之 胚胎或胎儿丢失以后谁来抚平我心灵的创伤？,http://www.sohu.com/a/146469440_227060
考前紧张、失眠......怎么办？专家教你这样做！,http://www.sohu.com/a/146525202_456094
美丽成为痛-“玻尿酸”注射失明并发症,http://www.sohu.com/a/146405240_375318
生花生降血压？花生皮能补血？,http://www.sohu.com/a/146011640_296504
孩子生病后，应该怎么喝水？,http://www.sohu.com/a/146250757_126336
以形补形有多少道理？一张图 18 种食物告诉你答案,http://www.sohu.com/a/146136979_296504
和睦家复兴门诊所【产后骨盆修复讲座】火热报名！,http://www.sohu.com/a/146512710_637034
可乐+牛奶=胃结石？你们人类太容易相信谣言了丨女子力科学社,http://www.sohu.com/a/146270231_557099
抗过敏药不能滥用，或可导致畸形！,http://www.sohu.com/a/146071447_473555
当医生越久朋友越少 谈谈无法躲避的“人情困扰”,http://www.sohu.com/a/146094084_139908
说谎对身心健康不利,http://www.sohu.com/a/146072988_243428
刀口之下：“医闹”阻挡生源报考医学！,http://www.sohu.com/a/146030621_634722
健康技能 | 转给您的父母：八段锦呵护您的健康,http://www.sohu.com/a/145995703_456084
父母坐飞机出行，缺这一副健康锦囊,http://www.sohu.com/a/146224816_162422
用运动手环测消耗热量靠谱吗？看看专家怎么说,http://www.sohu.com/a/146188033_603448
睡觉向左好还是向右好？你可能误会了好多年,http://www.sohu.com/a/146011613_296504
高考前家长乱改食谱反而会害了孩子,http://www.sohu.com/a/146411121_473555
要想肾好，每4个小时喝次水,http://www.sohu.com/a/145979781_473555
宝宝一哭就抱一哭就喂，原来这些错你还在犯！,http://www.sohu.com/a/145929807_252487
大事！终于等来 跨省异地就医查询系统开通,http://www.sohu.com/a/146519098_374886
【爱眼日】一起“目”浴阳光，与近视说拜拜,http://www.sohu.com/a/146511071_375953
【投票】近百万人为他们点赞，你喜爱的医生团队上榜了吗？,http://www.sohu.com/a/146524663_456094
北京医院普通外科团队参加中华医学会肠外肠内营养学年会,http://www.sohu.com/a/146473854_386893
女人心理学：如何揣测他有没有前女友危机,http://www.sohu.com/a/146525597_456065
头条问答：“痛风是什么”,http://www.sohu.com/a/145933370_632004
协和人的故事 在影像中捕捉蛛丝马迹的严鸿珍教授,http://www.sohu.com/a/146061367_533511
《转》访上海交通大学医学院附属新华医院眼科专家季迅达丨与病魔抗争 守护您的眼睛！,http://www.sohu.com/a/146517494_183834
尴尬了！心肺复苏竟频繁被用在活人身上,http://www.sohu.com/a/145996786_456062
最具领导力的中国医院院长之——张建宁：未雨绸缪,http://www.sohu.com/a/146225180_374886
你家厨房的这4样该扔了，每用一次都是在吃细菌,http://www.sohu.com/a/146695069_115208
有了白发，拔掉还是染色？,http://www.sohu.com/a/146703376_634722
【中医药专栏】针灸减肥那些事儿,http://www.sohu.com/a/146482909_456093
【文学之窗】长篇医疗题材小说--《最后24小时》（第五十四章 节选）,http://www.sohu.com/a/146482462_456093
顺产还是剖腹产？,http://www.sohu.com/a/145936370_464407
股骨头坏死哪些情况可以考虑先做保守治疗？,http://www.sohu.com/a/146187319_606732
协和人的故事 感染病守护神王爱霞教授,http://www.sohu.com/a/146066264_533511
专家教你芒种节气之饮膳要诀,http://www.sohu.com/a/146250844_100499
家长注意！6月份才是手足口真正的高峰期,http://www.sohu.com/a/146302088_612534
颈椎病的诊治误区—李茜教授科普讲座（16）,http://www.sohu.com/a/146400026_375318
【亲子早教】宝宝的视觉游戏玩起来：13-15个月,http://www.sohu.com/a/146555505_387199
一旦有这8个症状，该管管你“调皮”的内分泌了,http://www.sohu.com/a/145992939_115208
全国爱眼日丨探索近视的真凶......,http://www.sohu.com/a/146517502_183834
新生儿发热应使用抗生素，儿童不要交替使用退热药,http://www.sohu.com/a/146016061_377328
孕妈妈该怎么对付「甲醛」？且看我十八般致胜武艺！,http://www.sohu.com/a/146014213_426572
美食 | 粽子虽好，不宜贪吃哦！,http://www.sohu.com/a/146498025_674764
不是所有误诊，医生都要负起赔偿责任,http://www.sohu.com/a/146287792_456062
东直门医院推拿科—夏季贴敷三位一体疗法,http://www.sohu.com/a/146251267_100499
得了颈椎病我们该怎么办,http://www.sohu.com/a/146250821_100499
房颤消融并发症诊治：不得不提的肺静脉狭窄,http://www.sohu.com/a/146286812_426577
转折点直聘丨名企招聘信息又更新啦！,http://www.sohu.com/a/146517491_183834
攻略 | 在天津市肿瘤医院就诊，普通号VS专家号，千万别挂错！,http://www.sohu.com/a/146223803_113735
「四步法」诊断低钠血症（下篇）,http://www.sohu.com/a/146006497_685374
长期卧床病人谨防下肢静脉血栓,http://www.sohu.com/a/145905831_100663
你是侧颜美人吗？专家给你讲讲美颜那些事,http://www.sohu.com/a/146169637_218376
技术规范出台 “按病种收费”近在眼前,http://www.sohu.com/a/146069957_139908
【扩散】龙燕：孕期便秘该咋破？,http://www.sohu.com/a/145989041_249884
夏季死守这四大异味源 你也能当“香妃”,http://www.sohu.com/a/145925362_564027
医生集团未来出路在哪里？美国经验告诉你,http://www.sohu.com/a/145996970_456029
这296个药品过度重复被CFDA警告！,http://www.sohu.com/a/145996744_456062
头发干枯？嘴角裂痕？营养素失衡的12个预警信号您需要知道！,http://www.sohu.com/a/146034302_464410
院长出题：为啥要跳出护理看护理?,http://www.sohu.com/a/145887848_102699
孕期发现癌症该不该化疗？,http://www.sohu.com/a/146012449_377332
县域先锋｜这家县医院竟然说，要为缓解首都就医压力作贡献！,http://www.sohu.com/a/146318558_456029
儿童肥胖，“爆炸性的噩梦”,http://www.sohu.com/a/145980481_473555
常见西药：该向患者交待什么？,http://www.sohu.com/a/146022450_267160
科普 | 又到夏季畅游时！防溺水技巧在这里！,http://www.sohu.com/a/145995714_456084
宣医就诊指南|宣武医院神经内科眩晕专科门诊,http://www.sohu.com/a/146250766_100853
爱眼日 | 担心孩子近视？多带他出去玩吧！,http://www.sohu.com/a/146238001_133085
今日芒种,http://www.sohu.com/a/146194335_174657
儿童用药注意事项及几大误区！发热需要输液吗？,http://www.sohu.com/a/146514516_812575
新政出台：执业药师职业资格与职称对应了！,http://www.sohu.com/a/146166897_139908
宣医新闻|我院乔雨晨在市卫生计生系统主题宣讲比赛中喜获二等奖,http://www.sohu.com/a/146250884_100853
分不清女孩子漂不漂亮是脸盲症嘛？你可能错了！,http://www.sohu.com/a/145923318_455575
要高考了，考生吃什么好？,http://www.sohu.com/a/146585612_99891427
绝对震撼：细胞内部之旅,http://www.sohu.com/a/145995074_183834
北京东区儿童医院2017年6月份专家排班表,http://www.sohu.com/a/146095218_252487
夏季停车开空调睡觉，致命危险就在不知不觉中...,http://www.sohu.com/a/145900916_634722
【微视频】诱发室间隔缺损的高危因素有哪些？,http://www.sohu.com/a/146151830_525338
儿童脱肛的诊断与治疗,http://www.sohu.com/a/146166749_215241
【公立医院党建专题】湘雅医院：“一核三轴”构筑党建格局,http://www.sohu.com/a/146558714_464387
我国DRG收付费改革试点正式启动 对医院到底有何影响？,http://www.sohu.com/a/146225171_374886
【六月主题活动】“目”浴阳光 预防近视：爱眼日义诊活动,http://www.sohu.com/a/146253091_387199
这份难言之痛，91%的妇科医生都不了解！,http://www.sohu.com/a/145831193_377327
广东四大医联体类型 哪种最佳？,http://www.sohu.com/a/146063036_139908
【文学之窗】长篇医疗题材小说--《最后24小时》（第五十三章 节选）,http://www.sohu.com/a/146143279_456093
【公立医院党建专题】安徽省立医院：力行医改当好发展“火车头”,http://www.sohu.com/a/146558734_464387
芒种养生：五菜三茶,http://www.sohu.com/a/146480939_456079
孩子在决明子沙池中玩耍，当心异物入耳,http://www.sohu.com/a/146224819_162422
方莹：快速植入儿童鼻空肠管的新技术,http://www.sohu.com/a/146259209_377328
胎盘早剥处理原则,http://www.sohu.com/a/145911504_375318
【公立医院党建专题】苏州大学附属第一医院：引领医院文化落地生花,http://www.sohu.com/a/146558722_464387
老人滑倒5个月后偏瘫了！老年人摔跤应注意哪些？,http://www.sohu.com/a/146268391_812575
宝宝生病了，预防针可以推迟打吗？,http://www.sohu.com/a/146259257_377328
中国首个省会城市妇产科医院联盟成立,http://www.sohu.com/a/146059241_139908
年仅37岁实习女医生自杀，月加班251小时！,http://www.sohu.com/a/145830763_267160
【明日预告】健康上海12320在线访谈——常见眼底血管性疾病你知道多少？人到中年近视为何不...,http://www.sohu.com/a/146484110_375953
儿童用药安全问题 哪些药有什么副作用，该如何使用？,http://www.sohu.com/a/146264505_812575
核桃补脑？一天吃几个好？,http://www.sohu.com/a/145815427_456121
警告医生：《诊断证明》不能乱开，小心触犯法律！,http://www.sohu.com/a/145830764_267160
常见皮炎巧护理,http://www.sohu.com/a/145908974_243428
2016卫生行业年均工资出炉 我可能又拖后腿了！,http://www.sohu.com/a/145956886_139908
【关注】环境好不好 鼻子先知道,http://www.sohu.com/a/146484108_375953
慢性子宫内膜炎与不孕症,http://www.sohu.com/a/146249624_99891428
在线问诊难盈利 转型互联网医院有用么？,http://www.sohu.com/a/146248133_139908
科普 | 远离「代谢综合征」，从迈开腿开始,http://www.sohu.com/a/145832569_456084
【养生】芒种时节话养生,http://www.sohu.com/a/146484145_375953
知识 | 炎炎夏日怎样喝冷饮才健康？,http://www.sohu.com/a/145832559_456084
【医知独秀】第十集：感冒药盒上的那些关键字，你都知道吗？,http://www.sohu.com/a/146484111_375953
听诊器的“正确佩戴方式”,http://www.sohu.com/a/145830768_267160
健康提示丨冰箱食物保存时间和摆放指南,http://www.sohu.com/a/145832620_456084
婴幼儿用药的四项原则,http://www.sohu.com/a/146267447_812575
几点吃晚饭比较好？,http://www.sohu.com/a/145813138_296504
起搏设备现漏洞 危及性命引担忧,http://www.sohu.com/a/145900510_139908
月经总是第2天多，第3天就很少了，怎么回事？,http://www.sohu.com/a/144639522_104246
腹痛系列（1）22岁女孩，上腹痛3小时，会是胃癌？,http://www.sohu.com/a/145788709_125765
看女人的脚就知道，她过得好不好,http://www.sohu.com/a/145791213_115208
空心菜最容易富集毒素，是蔬菜里的“毒中之王”？,http://www.sohu.com/a/145675004_100935
名中医教你“对号入座”治白发，防衰老从第一根白发开始,http://www.sohu.com/a/145791440_115208
别让“坏胆固醇”堵了血管！缺了这6种营养素，你的血管早晚堵,http://www.sohu.com/a/145791424_115208
父母有糖尿病，自己会不会也的糖尿病？,http://www.sohu.com/a/145743770_426570
治疗糖尿病，误入歧途害死人，看看你用的治疗方法对吗？,http://www.sohu.com/a/145776318_190955
对于“果蔬农药残留”，我们应该怎么办？,http://www.sohu.com/a/145692692_580620
“酱油泡荔枝”能减肥？为了减肥什么黑暗料理都有,http://www.sohu.com/a/144815063_135814
【扩散】陈志海：手足口病又来袭，家长们请get这些防控知识！,http://www.sohu.com/a/145810547_249884
一套 PPT 解决：化疗药怎么用？常见副反应如何应对？,http://www.sohu.com/a/145804602_564028
儿童 | 你以为这样爱孩子就够了吗？,http://www.sohu.com/a/145596113_508456
世界公认的9大“天然降压法”，让你的血压不再坐过山车,http://www.sohu.com/a/145528037_115208
醋，不仅仅是调味品,http://www.sohu.com/a/145393434_196304
拿什么拯救你，孕妈的静脉曲张…,http://www.sohu.com/a/145572419_450913
天气转热，常「咳咳咳」的人注意这些问题会更好过,http://www.sohu.com/a/145148712_218376
中年女性，胸闷气短，签字离开医院，后果自负！,http://www.sohu.com/a/145464072_125765
当心好吃却“危险”的小龙虾,http://www.sohu.com/a/145359742_456052
这些食物高胆固醇高嘌呤， 我和宝宝能吃么？,http://www.sohu.com/a/145396151_101258
治便秘的3个法子，管用！,http://www.sohu.com/a/145424782_464407
怎么才能知道是否宫外孕？,http://www.sohu.com/a/145443057_102598
有效预防帕金森病方式大盘点，你不可错过,http://www.sohu.com/a/145371887_392509
你所不知道的儿童及青少年骨骼系统特点——骨骺,http://www.sohu.com/a/145376045_458597
早上不适合锻炼？告诉你 5 个常见运动误区,http://www.sohu.com/a/145422339_296504
夏季这么吃，你的癫痫不想治了吗？,http://www.sohu.com/a/145434390_123781
像我这种没有医德的人，怎么能够做医生？,http://www.sohu.com/a/145462188_125765
怀孕时得了水痘怎么办？,http://www.sohu.com/a/145439365_100151
四分之一国人肚子大，小伙子10年来肚子大者翻倍,http://www.sohu.com/a/145452109_100444
孩爸孩妈看过来｜美国儿科协会发声：果汁不能喝,http://www.sohu.com/a/145581372_632011
教您几招预防糖尿病足,http://www.sohu.com/a/145376680_100451
就医帮 | 空军总医院环杓关节复位帮患者解除病痛,http://www.sohu.com/a/145466754_123191
虽然夏季是哮喘的低发期，仍要重视哮喘病！,http://www.sohu.com/a/145385427_398909
打呼噜，是病吗？,http://www.sohu.com/a/145424781_464407
你真的相信抽烟活过90岁的比比皆是？,http://www.sohu.com/a/145377105_438003
坐科学的月子,http://www.sohu.com/a/145357087_634722
令人反感的滴虫性阴道炎,http://www.sohu.com/a/144882044_372143
把你喝的茶变成“补药”，只差这5种料,http://www.sohu.com/a/145443787_115208
揭秘：新医改下医院科室营运分析,http://www.sohu.com/a/145344489_102699
怀孕后，究竟“胖”多少斤合适？两种方法供您参考！,http://www.sohu.com/a/145355843_464410
男人必须知道的前列腺保养秘笈,http://www.sohu.com/a/145371897_127554
意外怀孕到底是男女谁的错？,http://www.sohu.com/a/145443076_102598
衰老的原理是什么？,http://www.sohu.com/a/145444473_375985
科普 | 蚊虫叮咬止痒方法大盘点，最后还是输给了……,http://www.sohu.com/a/145422527_374910
高考前的心理调整,http://www.sohu.com/a/145431599_375318
揭穿“酵素”减肥美容的谎言！,http://www.sohu.com/a/145424784_464407
这些畅销药物或疗法的临床争议，医生都应该知道,http://www.sohu.com/a/145422331_296660
救救我们的颈椎-“低头族”！,http://www.sohu.com/a/145397979_374887
说说疫苗的不良反应？,http://www.sohu.com/a/145344927_184141
老年人用药问题：这些误区您中招了？,http://www.sohu.com/a/145425556_110686
孙宝贵教授：心肌病患者导致的心律失常！,http://www.sohu.com/a/145445433_211526
药价还没降呢，美国药企、PBMs、药师……已经打得头破血流,http://www.sohu.com/a/145375099_313392
【男性】共享单车，可别影响你的“性福”,http://www.sohu.com/a/145476010_375953
夏季如何防中暑？,http://www.sohu.com/a/145466274_685384
慢性便秘与结直肠肿瘤的相关性,http://www.sohu.com/a/145415016_243437
用“健身界网红”代餐粉来减肥，靠谱吗？,http://www.sohu.com/a/145186206_313701
儿童饮食管理,http://www.sohu.com/a/145388589_110141
备孕最忌讳的事情，你知道多少？,http://www.sohu.com/a/145443065_102598
子宫腺肌症合并子宫肌瘤，子宫切还是不切？,http://www.sohu.com/a/145309708_255461
方便面到底有没有防腐剂？钟博士来公布标准答案！,http://www.sohu.com/a/145402335_456039
妊娠期恶心呕吐怎么办？,http://www.sohu.com/a/145421636_196455
【深度】留住护士，先从改薪酬做起,http://www.sohu.com/a/145448126_464387
李志升：近视弱视区别大！分清类型很重要,http://www.sohu.com/a/145406194_128505
最健康的饮食之一：地中海饮食,http://www.sohu.com/a/145355857_464410
各科医生透露8个真相，那些看病时来不及告诉你的话,http://www.sohu.com/a/145375212_115208
高温天气也会导致心梗频发！,http://www.sohu.com/a/145374443_398909
如果抑郁了，什么时候该去找医生？,http://www.sohu.com/a/145443108_108002
生活｜眼药水，你真的会点吗？,http://www.sohu.com/a/145365369_674764
股骨头坏死选择中医治疗前，先问问自己这些问题!,http://www.sohu.com/a/145454984_606732
【养生】人为什么要吃五谷杂粮？,http://www.sohu.com/a/145439157_632015
打一针 = 1000 张补水面膜？谈谈微整形那些事儿,http://www.sohu.com/a/145422338_296504
【封面】这个病被喻为“不死的癌症”，风湿病专家提醒：此病非绝症 早诊早...,http://www.sohu.com/a/145444785_169298
【航天健康大讲堂】甲状腺癌的早期症状有哪些？,http://www.sohu.com/a/145379915_100630
【罗晓】这种传统饮食法很可能是错的？,http://www.sohu.com/a/145362464_214475
小心！过敏性皮炎无处不在,http://www.sohu.com/a/145401727_456108
顺口、养胃、营养好，照这个方法熬出来的粥，养人！,http://www.sohu.com/a/145359313_456117
人体肠道与健康，糖友要学习,http://www.sohu.com/a/145394599_762411
腹痛呕吐不爱吃饭，儿科专家教您如何应对孩子肠胃感冒,http://www.sohu.com/a/145472864_456081
出生四天，心脏里打个洞 | 国内最小年龄肺动脉瓣闭锁介入手术成功实施,http://www.sohu.com/a/145422531_374910
高考 | 做什么能让TA在高考里加分？,http://www.sohu.com/a/145410597_508456
HPV亚型病毒载量与子宫颈癌发病的关系,http://www.sohu.com/a/145447328_114491
运动减肥真有那么难吗？,http://www.sohu.com/a/145444477_375985
【关注】高考来临：吃好喝好，助你考好！,http://www.sohu.com/a/145476000_375953
ICH成员国 中国加入正当时,http://www.sohu.com/a/145425710_139908
肥胖老人这样吃肉健康又享瘦,http://www.sohu.com/a/145265566_383956
糖友谨防“空调病”,http://www.sohu.com/a/145421690_100499
夏天喝点绿豆汤，真的更消暑解渴吗？,http://www.sohu.com/a/145198627_313701
为什么中药没有保质期？夏季中草药储存注意事项,http://www.sohu.com/a/145384491_398909
这些人群上厕所要注意，太过用力会有危险！,http://www.sohu.com/a/145359732_456052
【专家访谈】姑息治疗不是放弃 让生命更有质量,http://www.sohu.com/a/145467857_102185
【每日一膳】体温高低能透露你的健康密码，炎炎夏日别错过这道口感清爽的菜！广东省中医院...,http://www.sohu.com/a/145444775_169298
轻松备高考，防治视疲劳,http://www.sohu.com/a/145425635_375318
好消息！中国正式加入ICH，真正融入国际药品监管体系的开始,http://www.sohu.com/a/145402340_456039
【医疗新知】夫妻俩结婚五年未怀孕，竟是因为精子脑袋“太圆”了……,http://www.sohu.com/a/145439166_632015
【关注】高考在即，告诉你为什么要学医,http://www.sohu.com/a/145448123_464387
北大人民医院健康讲座(6月2日-6月10日),http://www.sohu.com/a/145467955_100924
老年人用药问题：这些常识您知道吗？,http://www.sohu.com/a/145424506_110686
"夏季脸很油、容易长痘,美容专家建议这款洗面奶不能天天用",http://www.sohu.com/a/145359740_456052
【王兴国】如何提高自己的基础代谢率？,http://www.sohu.com/a/145362468_214475
流产手术太疼了，吃药流产可以吗？,http://www.sohu.com/a/145183763_313701
电影成像——脑积水微创治疗离不开的检查,http://www.sohu.com/a/145367590_108057
宫廷术，五字真言治膝病,http://www.sohu.com/a/145421686_100499
家长们注意咯~小朋友这样打呼噜会变丑变笨,http://www.sohu.com/a/145370639_456102
张子和的情志治疗艺术,http://www.sohu.com/a/145463625_240468
赵绍琴：治疗腰痛六法,http://www.sohu.com/a/145355854_464410
医改啃下硬骨头“互联网医院”成现实,http://www.sohu.com/a/145377318_139908
70% 年轻乳腺癌患者会问的 4 个问题，如何解答？,http://www.sohu.com/a/145250519_564028
一天一苹果？冬吃萝卜夏吃姜？这 10 句俗语有几句是真的？,http://www.sohu.com/a/145281618_456121
我们的孩子长好了吗？,http://www.sohu.com/a/145358106_102782
【航天健康大讲堂】得了甲状腺癌怎么治？,http://www.sohu.com/a/145381233_100630
拨款25亿！2017年国家重点研发计划最新出炉,http://www.sohu.com/a/145364674_139908
甲状腺肿大不是缺碘引起的“大脖子病”吗？为什么补碘却越来越严重？,http://www.sohu.com/a/145359743_456052
"如何过好起搏器植入术后人生？|""田""言秘语原创视频",http://www.sohu.com/a/145467870_102282
一半学生吸烟，因为好奇？,http://www.sohu.com/a/145366808_128505
【科普营养】爱上全谷物的十个理由,http://www.sohu.com/a/145362465_214475
【资讯】听说~基因检测能预测癌症发病风险耶？！,http://www.sohu.com/a/145439207_632015
志在必得 应考有招,http://www.sohu.com/a/145425160_375318
看病，你有没有以貌取人？,http://www.sohu.com/a/145293148_586308
7类牛奶挑花眼 我该拿走哪一盒？,http://www.sohu.com/a/145236695_430714
【知识链接】给孩子一个健康的保障，让孩子对烟草说“不”,http://www.sohu.com/a/145475057_456093
老年人安全使用非甾体抗炎药,http://www.sohu.com/a/145444471_375985
【微课堂】鼻咽癌放疗后，一起来做口咽康复操！,http://www.sohu.com/a/145444779_169298
“中国重大疾病与罕见病临床与生命组学数据库” | 国家重点研发计划 重...,http://www.sohu.com/a/146224066_119250
儿童节比“惨” 谁能“惨”过医护们的熊孩子,http://www.sohu.com/a/145267517_139908
都说吃七分饱最好，那七分饱到底是多少？,http://www.sohu.com/a/145281617_456121
孩子只要感冒就肺炎？都怪你不懂这些！,http://www.sohu.com/a/145264198_456065
夏天到了，痛风患者还能吃海鲜吗？,http://www.sohu.com/a/145108639_104952
卢丙仑教授：缩小鼻翼的两种方式,http://www.sohu.com/a/145292929_375024
儿科医生最不喜欢这些话，家长带宝宝看病要小心,http://www.sohu.com/a/145280158_762408
维护血管健康  疏通生命通道,http://www.sohu.com/a/145382770_243428
假如，你的女人在医院上班,http://www.sohu.com/a/145281049_267160
脚是健康的放大镜，看一看就能知道身体好不好？,http://www.sohu.com/a/145261613_296504
【湖南直播】减肥的运动干预——周志宏,http://www.sohu.com/a/145362472_214475
买酸奶，这些是“假冒伪劣”，要学会如何鉴别,http://www.sohu.com/a/145216070_580620
胖人怎么动不伤关节？中美专家怎么说,http://www.sohu.com/a/145106767_104952
夏季宜养心，心脏病患者喝喝这几种养生茶,http://www.sohu.com/a/145235648_162422
准备要宝宝了，这个检查不能忘,http://www.sohu.com/a/145261576_374894
夏日既要养好心又要调五脏,http://www.sohu.com/a/145378805_243428
整合治疗肺癌，节节守护健康,http://www.sohu.com/a/145234808_101251
一个西红柿能防4种癌！这种吃法营养价值超乎你想象,http://www.sohu.com/a/145235936_115208
【文学之窗】长篇医疗题材小说--《最后24小时》（第五十二章 节选）,http://www.sohu.com/a/145475056_456093
一片优甲乐的人体游记,http://www.sohu.com/a/145264452_426521
肥胖让人变笨？,http://www.sohu.com/a/145452517_100444
求助：海军爸爸上有疾病缠身父母，下有白血病女儿,http://www.sohu.com/a/145252174_100161
刚刚闭幕的世卫大会给各国留了九项“暑假作业”,http://www.sohu.com/a/145389593_139908
半夜总醒来，是不是哪里出问题了？,http://www.sohu.com/a/145261656_296504
儿童节，爱孩子不要忘了关爱他的颈椎,http://www.sohu.com/a/145201862_197305
【子琳科普】吸烟的危害何止得肺癌，这种癌更多见,http://www.sohu.com/a/144918484_387630
十问十答：揭秘乳腺癌预防的常见问题,http://www.sohu.com/a/145236678_377332
全国首张医师个人责任险保单是这样的！,http://www.sohu.com/a/145264300_456062
宝宝喂辅食，每天要喂几次？,http://www.sohu.com/a/145261624_374894
每天需吃进去至少12种食物，咋安排呢？,http://www.sohu.com/a/145122802_106874
领袖巡礼 | 杨渝平：做运动医学科普要“动起来”,http://www.sohu.com/a/144813514_104952
关于体检的7件事，你可能不知道,http://www.sohu.com/a/145281081_267160
"这种药每年治疗 1,000 名中国儿童的肿瘤，但是现在却无处可买",http://www.sohu.com/a/145250310_564028
夏季中暑多发危及生命，这些急救常识可救命,http://www.sohu.com/a/145146963_522121
孤独的人是可耻的，因为孤独的危害等同于吸烟,http://www.sohu.com/a/145129913_100444
喝茶到底好不好？ 研究称对女性影响更大！,http://www.sohu.com/a/145234821_183834
向可爱天使们的健康守护者致敬！——院领导慰问儿科医护人员,http://www.sohu.com/a/145260811_159234
儿童节 | 让孩子健康成长每一天！（家长必读）,http://www.sohu.com/a/145282425_151912
【谣言粉碎机】还以为孩子说话晚是“贵人语迟”？醒醒吧！那更可能是语言发育迟缓,http://www.sohu.com/a/145250510_565194
健康饮食家庭必备四大神器,http://www.sohu.com/a/145383054_243428
泌尿专家告诉你什么样的“丁丁”有问题,http://www.sohu.com/a/144967260_218376
怎样补钙最好？,http://www.sohu.com/a/145241571_377328
卵巢癌发现时已经晚期？十大先兆没注意！,http://www.sohu.com/a/145236907_377332
3 张表搞定：难治性高血压的诊与治,http://www.sohu.com/a/145263755_426577
污名化受害者，无异于加害者的帮凶,http://www.sohu.com/a/145300777_110618
宝宝指甲软怎么回事？教你看懂指甲透露的 5 种健康信号,http://www.sohu.com/a/145261665_374894
你真的会吃豆腐吗？,http://www.sohu.com/a/145148804_393121
警惕糖尿病肾病 要早发现早干预,http://www.sohu.com/a/145264201_456065
我是一名医生，我真的不想再干这行了……,http://www.sohu.com/a/145281072_267160
戴了几十年眼镜，你可能不知道：近视眼手术已经进入微创无瓣新时代,http://www.sohu.com/a/145235650_115208
猕猴桃要不要禁用膨大剂？这起拉剧战已持续20年,http://www.sohu.com/a/145259041_685376
神经外科专家提醒：耳鸣、听神经瘤千万要分清楚,http://www.sohu.com/a/145089905_126260
狐观医改 | 谢汝石：看病真的难吗？半数人挂错号!,http://www.sohu.com/a/145105293_452205
盼孩子长高：该治的治，该等的等,http://www.sohu.com/a/145147952_387210
老年合理使用双膦酸盐类药物,http://www.sohu.com/a/145444494_375985
昂首挺胸有助心理健康,http://www.sohu.com/a/145381763_243428
吃对膳食纤维更控糖,http://www.sohu.com/a/145106029_383956
【实操贴】旅途晕车怎么办，按按这仨穴位试试看,http://www.sohu.com/a/145235642_162422
总痛经？小心卵巢上有“隐形炸弹”,http://www.sohu.com/a/145126403_464407
0-18岁，不同年龄阶段的孩子该这么喂养,http://www.sohu.com/a/144321830_100163
生活不要如此甜蜜,http://www.sohu.com/a/145140990_656386
市属医院消化专家齐聚友谊 共商协同发展大计,http://www.sohu.com/a/145361349_685811
【佑安专病门诊】肝移植及肝胆胰肿瘤专病门诊,http://www.sohu.com/a/145421685_100411
糖尿病人能输葡萄糖吗？,http://www.sohu.com/a/145281058_267160
HIT证书“值”多少？,http://www.sohu.com/a/145376159_139908
「华法林」应用宝典：这 10 件事你不能不知,http://www.sohu.com/a/145261462_296660
【公告】“‘目’浴阳光，预防近视”，首儿所6月6日开展爱眼日义诊活动,http://www.sohu.com/a/145410811_525338
生命最初1000天营养决定一生，别让孩子输在起跑线上,http://www.sohu.com/a/145235629_115208
儿童外用药，您了解吗？,http://www.sohu.com/a/145241573_377328
提示｜看看这些吸烟伪常识！你平常就是这么骗人骗己的吗？,http://www.sohu.com/a/145151135_456086
【涨知识】备孕期多久滚一次床单最见效？,http://www.sohu.com/a/145235641_162422
美妆婊说抹眼霜长脂肪粒你就信了，是不是傻？丨女子力科学社,http://www.sohu.com/a/145225457_557099
"医生带来一包肉，练习""会阴切开缝合""……",http://www.sohu.com/a/145262084_377327
【湖南直播】行为心理疗法在肥胖症治疗中的应用—蔡太生,http://www.sohu.com/a/145362476_214475
如何走出失恋的心理阴影 三招忘记前任,http://www.sohu.com/a/145264169_456065
这5道家常菜吃下去，每一口都相当于“喝油”,http://www.sohu.com/a/145147118_115208
院长与科主任对话：药占比咋降？降了咋办？,http://www.sohu.com/a/145001297_102699
医护人员经常做的一件事，大大降低疾病风险，你也学学,http://www.sohu.com/a/145281061_267160
鼻息肉该如何治疗？,http://www.sohu.com/a/145126463_464407
请「急会诊」动动嘴，赴「急会诊」跑断腿,http://www.sohu.com/a/145236666_377320
拿什么来拯救你——我的胖小孩,http://www.sohu.com/a/144957805_109571
孩子的健康饮食原则，你知道多少？,http://www.sohu.com/a/145203772_99891427
精彩幻灯：常用血管活性药物的应用,http://www.sohu.com/a/145263769_426577
早睡早起真的更好吗？那些年我们被坑的那些事儿,http://www.sohu.com/a/145122906_296504
坚持这 25 个习惯，你至少比实际年龄年轻十岁,http://www.sohu.com/a/145060325_456117
【现场直击】这是胃镜！检测胃癌的法宝,http://www.sohu.com/a/145146110_102185
三高、癌症、哮喘骨质疏松居然有遗传性！如何降低,http://www.sohu.com/a/145095017_438003
吃药漏服一次要补吗？4个字帮你搞明白,http://www.sohu.com/a/145235605_115208
【航天健康大讲堂】甲状腺结节会癌变吗？,http://www.sohu.com/a/145089295_100630
反复口腔溃疡，喝凉茶管用吗？,http://www.sohu.com/a/145060763_456052
张建枢、肖丹：戒烟其实没有那么难,http://www.sohu.com/a/145420384_249884
吃他汀不伤肝，对脂肪肝还有好处,http://www.sohu.com/a/145129331_100444
医媒又互撕？这回是齐鲁医院怼山东财经报道,http://www.sohu.com/a/145228520_139908
治疗骨质疏松，为什么光补钙还不够？,http://www.sohu.com/a/145088161_398909
哪些癫痫会遗传？女性患者怎么避免孩子得癫痫？,http://www.sohu.com/a/145111732_123781
保牙小贴士,http://www.sohu.com/a/145101803_221698
“生个大胖小子”并非就是喜事,http://www.sohu.com/a/145106563_102327
北京控烟两周年，多数公众看到违法吸烟会上前劝阻，你呢？,http://www.sohu.com/a/145102451_391346
一分钟读懂乳腺体检报告,http://www.sohu.com/a/145126407_464407
孩子的这些身体感觉异常容易被误诊，实为心理病！,http://www.sohu.com/a/145122456_108002
门诊刚开门，连续来了3个宝宝同样的症状，这是怎么了？,http://www.sohu.com/a/145059963_184141
食物中的“黄金搭档”您知道几样？,http://www.sohu.com/a/145060993_464410
中国营养学会发布《中国糖尿病膳食指南（2017）》,http://www.sohu.com/a/145065511_110141
居家宝宝安全给药指导（外用药篇）,http://www.sohu.com/a/145124392_100663
轻松时刻：检验科的搞笑段子，句句都中,http://www.sohu.com/a/145281074_267160
宝宝牙齿上黑围裙是咋回事？306医院口腔科普（2）,http://www.sohu.com/a/145094259_375318
失眠、乏力、记忆力差，就是神经衰弱了吗？,http://www.sohu.com/a/144882682_313701
父母近视，孩子是不是也会近视呢？,http://www.sohu.com/a/144962847_241395
患者咨询：是不是脑膜瘤都是良性的？,http://www.sohu.com/a/145085783_126260
李太生：只想让艾滋病患者有尊严的活下去,http://www.sohu.com/a/145220491_139908
一段视频记录下一个暖心片段：拥堵高速匝道上，车辆自觉为救护车让出生命通道,http://www.sohu.com/a/145239976_456096
端午节粽子准妈妈怎么吃？有什么需要注意？,http://www.sohu.com/a/145371578_590305
孕期阴道出血为哪般,http://www.sohu.com/a/140918758_509844
儿童节提醒：小女生也会得妇科病！（重发）,http://www.sohu.com/a/145107745_647840
《新闻联播》走进北儿，探秘优质服务背后的医生日程表,http://www.sohu.com/a/145277731_612534
吴克瑾：乳腺上皮“对话”子宫内膜，精彩不容错过！,http://www.sohu.com/a/145262003_377327
学龄前儿童牙齿护理306医院6.1口腔系列科普（1）,http://www.sohu.com/a/145092516_375318
导致肝癌的“黄曲霉毒素”，究竟该怎样预防？,http://www.sohu.com/a/144944660_580620
【江南微语】我与医疗的前世今生——恢复高考40周年纪念,http://www.sohu.com/a/145359369_456028
【航天健康大讲堂】有了甲状腺结节就需要手术吗？,http://www.sohu.com/a/145090496_100630
补钙过量，反而影响儿童发育,http://www.sohu.com/a/145147510_375985
不吃早餐等于慢性自杀？健康早餐应该这样吃,http://www.sohu.com/a/144966437_456121
解答为什么慢性支气管炎久治不愈？,http://www.sohu.com/a/145076998_398909
【每日一膳】原来身体的“通路”能告知您的健康状况！宝宝的节日就做他们爱吃的！广东省中医...,http://www.sohu.com/a/145147666_169298
请让我来帮助你，管住你的小嘴巴_胡陵,http://www.sohu.com/a/144951036_101492
怎么预防儿童偏食所导致的孤独症,http://www.sohu.com/a/145058032_252487
再谈蚊子能否传播乙型肝炎的问题,http://www.sohu.com/a/144947245_100151
植入人工心脏起搏器后要注意什么？,http://www.sohu.com/a/145104014_108057
它，其实比癌症可怕的多！,http://www.sohu.com/a/144939841_426571
如果有台时光机，我希望回到童年完成这8件事,http://www.sohu.com/a/145235824_115208
频遭“玻璃门” 社会办医还需非公医院积极“自救”,http://www.sohu.com/a/145393427_139908
预防1，2，3！这样“三级”预防糖尿病足,http://www.sohu.com/a/144991164_426570
duang！duang！教你养出乌黑浓密秀发,http://www.sohu.com/a/145236099_162422
【科普】你会选太阳眼镜嘛？,http://www.sohu.com/a/145120036_632015
孩子多长了颗牙怎么办？ —306医院6.1科普（5）,http://www.sohu.com/a/145013257_100663
你是医生诶！也要看病吗？,http://www.sohu.com/a/145232153_685386
莫名头痛身体又查不到问题，有没有想过看看心理医生？,http://www.sohu.com/a/145060764_456052
给孩子最好的礼物是健全的人格，十大“惯子行为”为孩子的人生埋下隐患！,http://www.sohu.com/a/145061000_464410
隆胸手术假体和自体脂肪该如何取舍？,http://www.sohu.com/a/144988922_375024
发改委拟出新政，直接影响药企招标！,http://www.sohu.com/a/145274855_564023
注意：老年人用药需杜绝这些坏习惯,http://www.sohu.com/a/145068346_398909
​【科普营养】还在担心长斑、长皱纹？会皮肤保养的妈妈们都学会了这12招......,http://www.sohu.com/a/145098306_214475
2017中国肿瘤登记年报出炉 哪些癌症高发？,http://www.sohu.com/a/145104039_139908
六一儿童节——关注儿童暑期安全,http://www.sohu.com/a/145121012_685384
痛风发作，一吃见效！这种药靠谱吗？,http://www.sohu.com/a/144968083_456119
儿童节 | 原来这才是给孩子最好的礼物,http://www.sohu.com/a/145061032_674764
18项医疗质量安全核心制度（动漫版）,http://www.sohu.com/a/145281048_267160
【科普大赛】药剂科张磊：对乙酰氨基酚——让人又爱又畏的感冒药,http://www.sohu.com/a/145146116_102185
给儿童用药应注意什么问题？,http://www.sohu.com/a/145147525_375985
贺红英教授专访,http://www.sohu.com/a/145072209_114491
【粤营养越健康】愿“小小胖墩”蜕变为“翩翩少年”,http://www.sohu.com/a/145098304_214475
【封面】要想小儿身体棒，这些育儿误区不要踩！收藏广东省中医院儿科许尤佳的育儿经,http://www.sohu.com/a/145147667_169298
孩子学习不主动？专家的破解之法你不妨试试！,http://www.sohu.com/a/145060762_456052
吃进去的口红对身体伤害有多大？,http://www.sohu.com/a/145006092_374880
乳牙“杀神经”那点事儿306医院6.1系列科普（4）,http://www.sohu.com/a/145138080_375318
JAMA杂志：高水平的体力活动能降低13种癌症的患病风险,http://www.sohu.com/a/145061001_464410
宝宝发烧，有一种东西最好别用,http://www.sohu.com/a/144963918_374894
中国工程院院士廖万清：完善分级诊疗制度 基层医生责任在肩,http://www.sohu.com/a/145132847_139908
中医总结“最养心夏季作息”，原来这才是养生的最高境界,http://www.sohu.com/a/145091787_115208
新生门牙为什么有小锯齿？-306医院6.1科普（3）,http://www.sohu.com/a/145138024_375318
当蝙蝠侠“穿越”到首儿所：你说我是你的“超级英雄”,http://www.sohu.com/a/145277709_612534
【健康】如何正确测量血压？,http://www.sohu.com/a/144940287_375953
别再在伤口上撒粉剂了，那无异于“撒菌”,http://www.sohu.com/a/145060765_456052
【赵长海】有“肠”识，才健康,http://www.sohu.com/a/145098382_214475
每天都站着，怎么还胖肚子？,http://www.sohu.com/a/144934283_473555
甲状腺「亚健康」要不要治？看这篇,http://www.sohu.com/a/144938954_685372
提示 | 同样是肺癌，吸烟的与不吸烟的差别很大！,http://www.sohu.com/a/144905361_113735
吃盐也可能要人命？这到底是怎么回事？,http://www.sohu.com/a/144966401_456121
心脏医生的护心秘诀竟如此简单，你一定想不到,http://www.sohu.com/a/144938879_456045
【杨青平】健康话题：怎样实现有机生活？,http://www.sohu.com/a/145098297_214475
3亿烟民，每年因吸烟死亡人数超过100万,http://www.sohu.com/a/144892291_102256
【收藏】暑假即将来临，全方位规避儿童意外伤害,http://www.sohu.com/a/145250579_565194
午休也能看病，专家到“家门口”，这个区的 居民可享受到这些便利！,http://www.sohu.com/a/145102448_391346
六一儿童节 安全才是给孩子最好的礼物,http://www.sohu.com/a/145091996_374887
世界无烟日：聪明人是怎么戒烟的？,http://www.sohu.com/a/144893469_102256
发布 |《国际烟草控制政策评估项目（ITC项目）中国调查报告》,http://www.sohu.com/a/144994728_120967
我是同性恋，我还活着。,http://www.sohu.com/a/144974514_99892808
乳腺癌术后放疗，你不可不直面这 3 个问题,http://www.sohu.com/a/144953318_564028
中国人吃出来的胖、肿、高血压，多半是因为它！你得防着点丨女子力科学社,http://www.sohu.com/a/144924081_557099
妊娠期恶心呕吐是怎么回事？,http://www.sohu.com/a/144905337_196455
姓关的！你为何总是为难女人......,http://www.sohu.com/a/144915658_502689
只要吸烟，不论多少，都意味着寿命缩短,http://www.sohu.com/a/144954130_99891431
汪吉梅：关口前移，新生儿疾病管理重点在产房！,http://www.sohu.com/a/145262068_377327
狐大医 | 奥巴马夫人校园饮食计划为何被叫停？,http://www.sohu.com/a/144849499_104952
蘑菇是干的好还是鲜的好？关于蘑菇营养的几个问题,http://www.sohu.com/a/144963610_296504
微专题｜掐灭手中香烟，开始健康生活,http://www.sohu.com/a/145020965_451211
守护天使，我们同在！,http://www.sohu.com/a/145241583_377328
咖啡不仅好喝，还能降低肝癌风险！,http://www.sohu.com/a/144935677_183834
为什么有的人吸烟一辈子却没得肺癌？,http://www.sohu.com/a/144937315_377332
张凤楼：医改要成功 分级诊疗必须先行,http://www.sohu.com/a/145086139_139908
收藏 | 想减肥瘦身吗？吃全谷物相当于健走30分钟！减肥全谷物大甄选,http://www.sohu.com/a/144905368_113735
【你问我答•栏目】这些有可能是炎症性肠病的肠外表现？,http://www.sohu.com/a/144944794_685378
要腿，还是要烟？,http://www.sohu.com/a/144814862_375955
牛奶蛋白过敏，请您关注！,http://www.sohu.com/a/144989945_100728
引以为戒！患者不喜欢医务人员说的15句话,http://www.sohu.com/a/144968215_456062
抽筋和缺钙能划等号吗？,http://www.sohu.com/a/144836987_240207
盛夏饮桑葚，养阴又补血,http://www.sohu.com/a/144936592_162422
大医精诚 从容面对衰老死亡,http://www.sohu.com/a/144980438_264916
【盘点】最新糖尿病指导文件大汇总，附专家解读,http://www.sohu.com/a/144843865_456026
狐大医 | 你需要做一次防癌体检吗？,http://www.sohu.com/a/144843488_104952
看唇色，知健康？嘴唇颜色和健康的两种关系,http://www.sohu.com/a/144963821_296504
李大金：“高大上”的生殖免疫研究如何更好地服务临床？,http://www.sohu.com/a/145262043_377327
夏日4道“补水汤”，送给不爱喝白开水的你,http://www.sohu.com/a/144907098_115208
这样陪宝宝半小时，胜过一整天！,http://www.sohu.com/a/144963787_374894
